
INSERT INTO `branches` (`branchID`, `branchName`) VALUES (1, 'soluta');
INSERT INTO `branches` (`branchID`, `branchName`) VALUES (2, 'rerum');
INSERT INTO `branches` (`branchID`, `branchName`) VALUES (3, 'tempore');
INSERT INTO `branches` (`branchID`, `branchName`) VALUES (4, 'aut');

INSERT INTO `groups` (`groupID`, `branchID`, `groupName`) VALUES (1, 3, 'tempore');
INSERT INTO `groups` (`groupID`, `branchID`, `groupName`) VALUES (2, 2, 'dolorem');
INSERT INTO `groups` (`groupID`, `branchID`, `groupName`) VALUES (3, 1, 'unde');
INSERT INTO `groups` (`groupID`, `branchID`, `groupName`) VALUES (4, 4, 'nostrum');
INSERT INTO `groups` (`groupID`, `branchID`, `groupName`) VALUES (5, 3, 'ea');
INSERT INTO `groups` (`groupID`, `branchID`, `groupName`) VALUES (6, 1, 'dolore');
INSERT INTO `groups` (`groupID`, `branchID`, `groupName`) VALUES (7, 2, 'laboriosam');
INSERT INTO `groups` (`groupID`, `branchID`, `groupName`) VALUES (8, 4, 'alias');
INSERT INTO `groups` (`groupID`, `branchID`, `groupName`) VALUES (9, 2, 'consequatur');
INSERT INTO `groups` (`groupID`, `branchID`, `groupName`) VALUES (10, 3, 'eos');
INSERT INTO `groups` (`groupID`, `branchID`, `groupName`) VALUES (11, 3, 'reiciendis');
INSERT INTO `groups` (`groupID`, `branchID`, `groupName`) VALUES (12, 1, 'eos');
INSERT INTO `groups` (`groupID`, `branchID`, `groupName`) VALUES (13, 4, 'enim');
INSERT INTO `groups` (`groupID`, `branchID`, `groupName`) VALUES (14, 2, 'est');
INSERT INTO `groups` (`groupID`, `branchID`, `groupName`) VALUES (15, 3, 'officia');
INSERT INTO `groups` (`groupID`, `branchID`, `groupName`) VALUES (16, 2, 'rem');
INSERT INTO `groups` (`groupID`, `branchID`, `groupName`) VALUES (17, 3, 'eos');
INSERT INTO `groups` (`groupID`, `branchID`, `groupName`) VALUES (18, 3, 'nam');
INSERT INTO `groups` (`groupID`, `branchID`, `groupName`) VALUES (19, 4, 'eius');
INSERT INTO `groups` (`groupID`, `branchID`, `groupName`) VALUES (20, 3, 'corrupti');

INSERT INTO `users` (`userID`, `groupID`, `userName`) VALUES (1, 3, 'fstrosin');
INSERT INTO `users` (`userID`, `groupID`, `userName`) VALUES (2, 17, 'jaden.mayert');
INSERT INTO `users` (`userID`, `groupID`, `userName`) VALUES (3, 13, 'emilie.gottlieb');
INSERT INTO `users` (`userID`, `groupID`, `userName`) VALUES (4, 2, 'gerson15');
INSERT INTO `users` (`userID`, `groupID`, `userName`) VALUES (5, 19, 'karianne.o\'keefe');
INSERT INTO `users` (`userID`, `groupID`, `userName`) VALUES (6, 15, 'beier.marion');
INSERT INTO `users` (`userID`, `groupID`, `userName`) VALUES (7, 6, 'ckunde');
INSERT INTO `users` (`userID`, `groupID`, `userName`) VALUES (8, 18, 'audrey05');
INSERT INTO `users` (`userID`, `groupID`, `userName`) VALUES (9, 2, 'mayra.paucek');
INSERT INTO `users` (`userID`, `groupID`, `userName`) VALUES (10, 3, 'bernier.arlo');
INSERT INTO `users` (`userID`, `groupID`, `userName`) VALUES (11, 14, 'krajcik.jennyfer');
INSERT INTO `users` (`userID`, `groupID`, `userName`) VALUES (12, 1, 'bella.muller');
INSERT INTO `users` (`userID`, `groupID`, `userName`) VALUES (13, 9, 'rharvey');
INSERT INTO `users` (`userID`, `groupID`, `userName`) VALUES (14, 10, 'laron49');
INSERT INTO `users` (`userID`, `groupID`, `userName`) VALUES (15, 2, 'samir.kulas');
INSERT INTO `users` (`userID`, `groupID`, `userName`) VALUES (16, 5, 'ysanford');
INSERT INTO `users` (`userID`, `groupID`, `userName`) VALUES (17, 5, 'ayana58');
INSERT INTO `users` (`userID`, `groupID`, `userName`) VALUES (18, 18, 'miguel.medhurst');
INSERT INTO `users` (`userID`, `groupID`, `userName`) VALUES (19, 3, 'zemlak.kyla');
INSERT INTO `users` (`userID`, `groupID`, `userName`) VALUES (20, 2, 'lesly.aufderhar');
INSERT INTO `users` (`userID`, `groupID`, `userName`) VALUES (21, 2, 'dylan.abbott');
INSERT INTO `users` (`userID`, `groupID`, `userName`) VALUES (22, 18, 'elenor.lemke');
INSERT INTO `users` (`userID`, `groupID`, `userName`) VALUES (23, 16, 'lydia29');
INSERT INTO `users` (`userID`, `groupID`, `userName`) VALUES (24, 9, 'marvin.alden');
INSERT INTO `users` (`userID`, `groupID`, `userName`) VALUES (25, 17, 'rafaela99');
INSERT INTO `users` (`userID`, `groupID`, `userName`) VALUES (26, 4, 'twalter');
INSERT INTO `users` (`userID`, `groupID`, `userName`) VALUES (27, 16, 'lwintheiser');
INSERT INTO `users` (`userID`, `groupID`, `userName`) VALUES (28, 18, 'mhessel');
INSERT INTO `users` (`userID`, `groupID`, `userName`) VALUES (29, 2, 'witting.myrtice');
INSERT INTO `users` (`userID`, `groupID`, `userName`) VALUES (30, 19, 'nienow.reva');
INSERT INTO `users` (`userID`, `groupID`, `userName`) VALUES (31, 11, 'abernathy.opal');
INSERT INTO `users` (`userID`, `groupID`, `userName`) VALUES (32, 7, 'cschuster');
INSERT INTO `users` (`userID`, `groupID`, `userName`) VALUES (33, 15, 'bruecker');
INSERT INTO `users` (`userID`, `groupID`, `userName`) VALUES (34, 10, 'conn.al');
INSERT INTO `users` (`userID`, `groupID`, `userName`) VALUES (35, 16, 'owen51');
INSERT INTO `users` (`userID`, `groupID`, `userName`) VALUES (36, 15, 'homenick.myrtice');
INSERT INTO `users` (`userID`, `groupID`, `userName`) VALUES (37, 12, 'bailey.gabriel');
INSERT INTO `users` (`userID`, `groupID`, `userName`) VALUES (38, 5, 'traynor');
INSERT INTO `users` (`userID`, `groupID`, `userName`) VALUES (39, 14, 'kutch.madisyn');
INSERT INTO `users` (`userID`, `groupID`, `userName`) VALUES (40, 14, 'predovic.norene');
INSERT INTO `users` (`userID`, `groupID`, `userName`) VALUES (41, 10, 'kennedy.hauck');
INSERT INTO `users` (`userID`, `groupID`, `userName`) VALUES (42, 17, 'bartoletti.reba');
INSERT INTO `users` (`userID`, `groupID`, `userName`) VALUES (43, 20, 'oferry');
INSERT INTO `users` (`userID`, `groupID`, `userName`) VALUES (44, 20, 'koch.stella');
INSERT INTO `users` (`userID`, `groupID`, `userName`) VALUES (45, 2, 'kole17');
INSERT INTO `users` (`userID`, `groupID`, `userName`) VALUES (46, 13, 'enid.wiegand');
INSERT INTO `users` (`userID`, `groupID`, `userName`) VALUES (47, 7, 'odietrich');
INSERT INTO `users` (`userID`, `groupID`, `userName`) VALUES (48, 17, 'daugherty.lexus');
INSERT INTO `users` (`userID`, `groupID`, `userName`) VALUES (49, 15, 'd\'angelo57');
INSERT INTO `users` (`userID`, `groupID`, `userName`) VALUES (50, 9, 'harmon04');
INSERT INTO `users` (`userID`, `groupID`, `userName`) VALUES (51, 4, 'kira26');
INSERT INTO `users` (`userID`, `groupID`, `userName`) VALUES (52, 4, 'awill');
INSERT INTO `users` (`userID`, `groupID`, `userName`) VALUES (53, 19, 'daugherty.doris');
INSERT INTO `users` (`userID`, `groupID`, `userName`) VALUES (54, 2, 'prosacco.louisa');
INSERT INTO `users` (`userID`, `groupID`, `userName`) VALUES (55, 12, 'boehm.eudora');
INSERT INTO `users` (`userID`, `groupID`, `userName`) VALUES (56, 15, 'kd\'amore');
INSERT INTO `users` (`userID`, `groupID`, `userName`) VALUES (57, 3, 'meta93');
INSERT INTO `users` (`userID`, `groupID`, `userName`) VALUES (58, 5, 'goyette.vallie');
INSERT INTO `users` (`userID`, `groupID`, `userName`) VALUES (59, 14, 'reinger.carolanne');
INSERT INTO `users` (`userID`, `groupID`, `userName`) VALUES (60, 2, 'bo\'kon');
INSERT INTO `users` (`userID`, `groupID`, `userName`) VALUES (61, 1, 'bradtke.spencer');
INSERT INTO `users` (`userID`, `groupID`, `userName`) VALUES (62, 13, 'talon17');
INSERT INTO `users` (`userID`, `groupID`, `userName`) VALUES (63, 16, 'berge.clovis');
INSERT INTO `users` (`userID`, `groupID`, `userName`) VALUES (64, 6, 'qsporer');
INSERT INTO `users` (`userID`, `groupID`, `userName`) VALUES (65, 1, 'estreich');
INSERT INTO `users` (`userID`, `groupID`, `userName`) VALUES (66, 20, 'bauch.elsa');
INSERT INTO `users` (`userID`, `groupID`, `userName`) VALUES (67, 17, 'daija77');
INSERT INTO `users` (`userID`, `groupID`, `userName`) VALUES (68, 11, 'qcrist');
INSERT INTO `users` (`userID`, `groupID`, `userName`) VALUES (69, 9, 'kiley10');
INSERT INTO `users` (`userID`, `groupID`, `userName`) VALUES (70, 3, 'gilda97');
INSERT INTO `users` (`userID`, `groupID`, `userName`) VALUES (71, 13, 'novella91');
INSERT INTO `users` (`userID`, `groupID`, `userName`) VALUES (72, 20, 'langosh.tad');
INSERT INTO `users` (`userID`, `groupID`, `userName`) VALUES (73, 17, 'd\'amore.derrick');
INSERT INTO `users` (`userID`, `groupID`, `userName`) VALUES (74, 17, 'deon.dooley');
INSERT INTO `users` (`userID`, `groupID`, `userName`) VALUES (75, 10, 'joe49');
INSERT INTO `users` (`userID`, `groupID`, `userName`) VALUES (76, 8, 'afeeney');
INSERT INTO `users` (`userID`, `groupID`, `userName`) VALUES (77, 15, 'bechtelar.leopold');
INSERT INTO `users` (`userID`, `groupID`, `userName`) VALUES (78, 20, 'elfrieda45');
INSERT INTO `users` (`userID`, `groupID`, `userName`) VALUES (79, 10, 'prosacco.jasmin');
INSERT INTO `users` (`userID`, `groupID`, `userName`) VALUES (80, 9, 'karine.kemmer');
INSERT INTO `users` (`userID`, `groupID`, `userName`) VALUES (81, 6, 'wintheiser.abner');
INSERT INTO `users` (`userID`, `groupID`, `userName`) VALUES (82, 14, 'tbode');
INSERT INTO `users` (`userID`, `groupID`, `userName`) VALUES (83, 6, 'spencer.dagmar');
INSERT INTO `users` (`userID`, `groupID`, `userName`) VALUES (84, 6, 'dasia.blick');
INSERT INTO `users` (`userID`, `groupID`, `userName`) VALUES (85, 10, 'llebsack');
INSERT INTO `users` (`userID`, `groupID`, `userName`) VALUES (86, 2, 'collier.garret');
INSERT INTO `users` (`userID`, `groupID`, `userName`) VALUES (87, 17, 'clementina83');
INSERT INTO `users` (`userID`, `groupID`, `userName`) VALUES (88, 10, 'hoppe.kelsie');
INSERT INTO `users` (`userID`, `groupID`, `userName`) VALUES (89, 17, 'rwitting');
INSERT INTO `users` (`userID`, `groupID`, `userName`) VALUES (90, 3, 'smaggio');
INSERT INTO `users` (`userID`, `groupID`, `userName`) VALUES (91, 18, 'lola.orn');
INSERT INTO `users` (`userID`, `groupID`, `userName`) VALUES (92, 6, 'william17');
INSERT INTO `users` (`userID`, `groupID`, `userName`) VALUES (93, 19, 'trent.keebler');
INSERT INTO `users` (`userID`, `groupID`, `userName`) VALUES (94, 12, 'bailey12');
INSERT INTO `users` (`userID`, `groupID`, `userName`) VALUES (95, 12, 'courtney27');
INSERT INTO `users` (`userID`, `groupID`, `userName`) VALUES (96, 1, 'stacey07');
INSERT INTO `users` (`userID`, `groupID`, `userName`) VALUES (97, 13, 'wuckert.kitty');
INSERT INTO `users` (`userID`, `groupID`, `userName`) VALUES (98, 4, 'kelvin.hintz');
INSERT INTO `users` (`userID`, `groupID`, `userName`) VALUES (99, 3, 'purdy.erich');
INSERT INTO `users` (`userID`, `groupID`, `userName`) VALUES (100, 2, 'kuvalis.makayla');

INSERT INTO `polls` (`pollID`, `pollName`, `fxml`) VALUES (1, 'vel', NULL);
INSERT INTO `polls` (`pollID`, `pollName`, `fxml`) VALUES (2, 'alias', NULL);
INSERT INTO `polls` (`pollID`, `pollName`, `fxml`) VALUES (3, 'id', NULL);
INSERT INTO `polls` (`pollID`, `pollName`, `fxml`) VALUES (4, 'velit', NULL);
INSERT INTO `polls` (`pollID`, `pollName`, `fxml`) VALUES (5, 'quo', NULL);
INSERT INTO `polls` (`pollID`, `pollName`, `fxml`) VALUES (6, 'et', NULL);
INSERT INTO `polls` (`pollID`, `pollName`, `fxml`) VALUES (7, 'non', NULL);
INSERT INTO `polls` (`pollID`, `pollName`, `fxml`) VALUES (8, 'voluptate', NULL);
INSERT INTO `polls` (`pollID`, `pollName`, `fxml`) VALUES (9, 'ab', NULL);
INSERT INTO `polls` (`pollID`, `pollName`, `fxml`) VALUES (10, 'rerum', NULL);
INSERT INTO `polls` (`pollID`, `pollName`, `fxml`) VALUES (11, 'dolores', NULL);
INSERT INTO `polls` (`pollID`, `pollName`, `fxml`) VALUES (12, 'commodi', NULL);
INSERT INTO `polls` (`pollID`, `pollName`, `fxml`) VALUES (13, 'doloribus', NULL);
INSERT INTO `polls` (`pollID`, `pollName`, `fxml`) VALUES (14, 'et', NULL);
INSERT INTO `polls` (`pollID`, `pollName`, `fxml`) VALUES (15, 'velit', NULL);
INSERT INTO `polls` (`pollID`, `pollName`, `fxml`) VALUES (16, 'qui', NULL);
INSERT INTO `polls` (`pollID`, `pollName`, `fxml`) VALUES (17, 'autem', NULL);
INSERT INTO `polls` (`pollID`, `pollName`, `fxml`) VALUES (18, 'perspiciatis', NULL);
INSERT INTO `polls` (`pollID`, `pollName`, `fxml`) VALUES (19, 'omnis', NULL);
INSERT INTO `polls` (`pollID`, `pollName`, `fxml`) VALUES (20, 'culpa', NULL);

INSERT INTO `pollsgroups` (`groupID`, `pollID`) VALUES (12, 19);
INSERT INTO `pollsgroups` (`groupID`, `pollID`) VALUES (4, 20);
INSERT INTO `pollsgroups` (`groupID`, `pollID`) VALUES (13, 6);
INSERT INTO `pollsgroups` (`groupID`, `pollID`) VALUES (14, 14);
INSERT INTO `pollsgroups` (`groupID`, `pollID`) VALUES (10, 20);
INSERT INTO `pollsgroups` (`groupID`, `pollID`) VALUES (12, 4);
INSERT INTO `pollsgroups` (`groupID`, `pollID`) VALUES (10, 16);
INSERT INTO `pollsgroups` (`groupID`, `pollID`) VALUES (11, 10);
INSERT INTO `pollsgroups` (`groupID`, `pollID`) VALUES (12, 7);
INSERT INTO `pollsgroups` (`groupID`, `pollID`) VALUES (8, 20);
INSERT INTO `pollsgroups` (`groupID`, `pollID`) VALUES (8, 17);
INSERT INTO `pollsgroups` (`groupID`, `pollID`) VALUES (20, 1);
INSERT INTO `pollsgroups` (`groupID`, `pollID`) VALUES (9, 1);
INSERT INTO `pollsgroups` (`groupID`, `pollID`) VALUES (13, 16);
INSERT INTO `pollsgroups` (`groupID`, `pollID`) VALUES (8, 1);
INSERT INTO `pollsgroups` (`groupID`, `pollID`) VALUES (2, 1);
INSERT INTO `pollsgroups` (`groupID`, `pollID`) VALUES (19, 1);
INSERT INTO `pollsgroups` (`groupID`, `pollID`) VALUES (19, 19);
INSERT INTO `pollsgroups` (`groupID`, `pollID`) VALUES (14, 7);
INSERT INTO `pollsgroups` (`groupID`, `pollID`) VALUES (11, 18);
INSERT INTO `pollsgroups` (`groupID`, `pollID`) VALUES (9, 14);
INSERT INTO `pollsgroups` (`groupID`, `pollID`) VALUES (3, 16);
INSERT INTO `pollsgroups` (`groupID`, `pollID`) VALUES (5, 13);
INSERT INTO `pollsgroups` (`groupID`, `pollID`) VALUES (7, 13);
INSERT INTO `pollsgroups` (`groupID`, `pollID`) VALUES (19, 2);
INSERT INTO `pollsgroups` (`groupID`, `pollID`) VALUES (15, 18);
INSERT INTO `pollsgroups` (`groupID`, `pollID`) VALUES (13, 8);
INSERT INTO `pollsgroups` (`groupID`, `pollID`) VALUES (8, 5);
INSERT INTO `pollsgroups` (`groupID`, `pollID`) VALUES (1, 16);
INSERT INTO `pollsgroups` (`groupID`, `pollID`) VALUES (19, 6);

INSERT INTO `polltables` (`tableID`, `pollID`, `tableTitle`) VALUES (1, 8, 'Dolor eveniet expedita voluptates quae sequi incidunt.');
INSERT INTO `polltables` (`tableID`, `pollID`, `tableTitle`) VALUES (2, 9, 'Necessitatibus numquam nesciunt recusandae dolorem cumque nemo.');
INSERT INTO `polltables` (`tableID`, `pollID`, `tableTitle`) VALUES (3, 2, 'Voluptatem ab et quis odio aut voluptatem ea.');
INSERT INTO `polltables` (`tableID`, `pollID`, `tableTitle`) VALUES (4, 15, 'Voluptate eos id dolor.');
INSERT INTO `polltables` (`tableID`, `pollID`, `tableTitle`) VALUES (5, 17, 'Sint explicabo dolores architecto alias quisquam.');
INSERT INTO `polltables` (`tableID`, `pollID`, `tableTitle`) VALUES (6, 2, 'Eum voluptatem odio eius optio sunt error enim.');
INSERT INTO `polltables` (`tableID`, `pollID`, `tableTitle`) VALUES (7, 11, 'Error qui praesentium modi laudantium.');
INSERT INTO `polltables` (`tableID`, `pollID`, `tableTitle`) VALUES (8, 5, 'Voluptas nesciunt quia delectus possimus ipsum facere consequuntur.');
INSERT INTO `polltables` (`tableID`, `pollID`, `tableTitle`) VALUES (9, 13, 'Doloribus voluptas magnam quaerat mollitia facere.');
INSERT INTO `polltables` (`tableID`, `pollID`, `tableTitle`) VALUES (10, 7, 'Mollitia voluptas veritatis fuga saepe.');
INSERT INTO `polltables` (`tableID`, `pollID`, `tableTitle`) VALUES (11, 9, 'Enim deserunt assumenda iusto iste fugiat dignissimos pariatur.');
INSERT INTO `polltables` (`tableID`, `pollID`, `tableTitle`) VALUES (12, 13, 'Provident ut consequatur aperiam iure ad repellat.');
INSERT INTO `polltables` (`tableID`, `pollID`, `tableTitle`) VALUES (13, 11, 'Id minus et odit aut in.');
INSERT INTO `polltables` (`tableID`, `pollID`, `tableTitle`) VALUES (14, 20, 'Non dolor facere excepturi ratione natus rem delectus repellat.');
INSERT INTO `polltables` (`tableID`, `pollID`, `tableTitle`) VALUES (15, 20, 'Aliquam voluptatem ipsa saepe non.');
INSERT INTO `polltables` (`tableID`, `pollID`, `tableTitle`) VALUES (16, 5, 'Temporibus et voluptatem quis asperiores aut et qui.');
INSERT INTO `polltables` (`tableID`, `pollID`, `tableTitle`) VALUES (17, 14, 'Natus quisquam enim quidem facilis id aut sed.');
INSERT INTO `polltables` (`tableID`, `pollID`, `tableTitle`) VALUES (18, 15, 'Nostrum architecto molestiae quia est laudantium dolores.');
INSERT INTO `polltables` (`tableID`, `pollID`, `tableTitle`) VALUES (19, 18, 'Porro rerum ut error nostrum vel quia beatae perspiciatis.');
INSERT INTO `polltables` (`tableID`, `pollID`, `tableTitle`) VALUES (20, 15, 'Eaque corporis et ratione minima porro quia.');
INSERT INTO `polltables` (`tableID`, `pollID`, `tableTitle`) VALUES (21, 16, 'Sint dolor ipsam nesciunt pariatur aliquam.');
INSERT INTO `polltables` (`tableID`, `pollID`, `tableTitle`) VALUES (22, 15, 'Asperiores beatae ratione tenetur nemo.');
INSERT INTO `polltables` (`tableID`, `pollID`, `tableTitle`) VALUES (23, 19, 'Non sapiente corporis asperiores repellendus adipisci laudantium.');
INSERT INTO `polltables` (`tableID`, `pollID`, `tableTitle`) VALUES (24, 11, 'Minus totam ullam et officia aut unde.');
INSERT INTO `polltables` (`tableID`, `pollID`, `tableTitle`) VALUES (25, 15, 'Ex dignissimos est aut velit doloremque pariatur eveniet.');
INSERT INTO `polltables` (`tableID`, `pollID`, `tableTitle`) VALUES (26, 5, 'Autem ducimus ullam sit quia placeat veritatis.');
INSERT INTO `polltables` (`tableID`, `pollID`, `tableTitle`) VALUES (27, 7, 'Quo ex nulla ut sed porro.');
INSERT INTO `polltables` (`tableID`, `pollID`, `tableTitle`) VALUES (28, 7, 'Facilis architecto quo nisi ut quaerat.');
INSERT INTO `polltables` (`tableID`, `pollID`, `tableTitle`) VALUES (29, 7, 'Accusantium unde sunt earum autem autem sequi delectus mollitia.');
INSERT INTO `polltables` (`tableID`, `pollID`, `tableTitle`) VALUES (30, 17, 'Reiciendis hic sit vero qui suscipit repellendus eius.');
INSERT INTO `polltables` (`tableID`, `pollID`, `tableTitle`) VALUES (31, 10, 'Aliquam earum explicabo porro.');
INSERT INTO `polltables` (`tableID`, `pollID`, `tableTitle`) VALUES (32, 14, 'Hic incidunt in a amet veritatis tenetur.');
INSERT INTO `polltables` (`tableID`, `pollID`, `tableTitle`) VALUES (33, 6, 'Ullam nobis omnis esse neque ea est.');
INSERT INTO `polltables` (`tableID`, `pollID`, `tableTitle`) VALUES (34, 12, 'Ratione nam ea earum est ex qui culpa.');
INSERT INTO `polltables` (`tableID`, `pollID`, `tableTitle`) VALUES (35, 9, 'Qui dolor et ut et dolorem.');
INSERT INTO `polltables` (`tableID`, `pollID`, `tableTitle`) VALUES (36, 2, 'In autem velit repellendus voluptatem qui et.');
INSERT INTO `polltables` (`tableID`, `pollID`, `tableTitle`) VALUES (37, 13, 'A nihil quisquam sunt rerum architecto non cupiditate.');
INSERT INTO `polltables` (`tableID`, `pollID`, `tableTitle`) VALUES (38, 19, 'Voluptas quo quia fuga.');
INSERT INTO `polltables` (`tableID`, `pollID`, `tableTitle`) VALUES (39, 7, 'Dolorem velit veniam cumque.');
INSERT INTO `polltables` (`tableID`, `pollID`, `tableTitle`) VALUES (40, 6, 'Itaque aut odit est ipsum maxime.');
INSERT INTO `polltables` (`tableID`, `pollID`, `tableTitle`) VALUES (41, 5, 'Delectus nihil similique qui saepe.');
INSERT INTO `polltables` (`tableID`, `pollID`, `tableTitle`) VALUES (42, 15, 'Consequatur enim cum aut eum porro mollitia in voluptatem.');
INSERT INTO `polltables` (`tableID`, `pollID`, `tableTitle`) VALUES (43, 18, 'Aut laboriosam fuga numquam qui consequuntur.');
INSERT INTO `polltables` (`tableID`, `pollID`, `tableTitle`) VALUES (44, 15, 'Nulla voluptate doloribus et.');
INSERT INTO `polltables` (`tableID`, `pollID`, `tableTitle`) VALUES (45, 14, 'Delectus eligendi sint eum sit.');
INSERT INTO `polltables` (`tableID`, `pollID`, `tableTitle`) VALUES (46, 18, 'Praesentium expedita ut omnis maxime.');
INSERT INTO `polltables` (`tableID`, `pollID`, `tableTitle`) VALUES (47, 20, 'Et blanditiis est libero modi atque.');
INSERT INTO `polltables` (`tableID`, `pollID`, `tableTitle`) VALUES (48, 7, 'Minus sapiente architecto illum ut consequatur minus.');
INSERT INTO `polltables` (`tableID`, `pollID`, `tableTitle`) VALUES (49, 13, 'Magni omnis sequi iure ad aliquam.');
INSERT INTO `polltables` (`tableID`, `pollID`, `tableTitle`) VALUES (50, 17, 'Quia facilis dignissimos nulla ratione dolore.');
INSERT INTO `polltables` (`tableID`, `pollID`, `tableTitle`) VALUES (51, 1, 'Quia deserunt ut tempora.');
INSERT INTO `polltables` (`tableID`, `pollID`, `tableTitle`) VALUES (52, 8, 'Dolore sit omnis ea accusantium temporibus in optio.');
INSERT INTO `polltables` (`tableID`, `pollID`, `tableTitle`) VALUES (53, 11, 'Pariatur rem vel laborum id.');
INSERT INTO `polltables` (`tableID`, `pollID`, `tableTitle`) VALUES (54, 20, 'In laborum nostrum sit qui natus exercitationem fuga.');
INSERT INTO `polltables` (`tableID`, `pollID`, `tableTitle`) VALUES (55, 18, 'Unde consectetur quia eos voluptas nesciunt et.');
INSERT INTO `polltables` (`tableID`, `pollID`, `tableTitle`) VALUES (56, 6, 'Voluptatem magni optio voluptates voluptatibus placeat et sunt.');
INSERT INTO `polltables` (`tableID`, `pollID`, `tableTitle`) VALUES (57, 4, 'Temporibus beatae consectetur placeat delectus dolor vero perspiciatis.');
INSERT INTO `polltables` (`tableID`, `pollID`, `tableTitle`) VALUES (58, 5, 'Rerum quia maxime enim sit vel in recusandae.');
INSERT INTO `polltables` (`tableID`, `pollID`, `tableTitle`) VALUES (59, 13, 'Quod et nemo repellat fugit omnis aut.');
INSERT INTO `polltables` (`tableID`, `pollID`, `tableTitle`) VALUES (60, 11, 'Modi labore voluptatem ut aperiam doloribus fuga magnam.');
INSERT INTO `polltables` (`tableID`, `pollID`, `tableTitle`) VALUES (61, 2, 'Sint aspernatur illo voluptas optio itaque.');
INSERT INTO `polltables` (`tableID`, `pollID`, `tableTitle`) VALUES (62, 2, 'Voluptate nostrum quia id autem.');
INSERT INTO `polltables` (`tableID`, `pollID`, `tableTitle`) VALUES (63, 4, 'Quia aut quod aut illo.');
INSERT INTO `polltables` (`tableID`, `pollID`, `tableTitle`) VALUES (64, 7, 'Earum non corrupti id laborum excepturi quas.');
INSERT INTO `polltables` (`tableID`, `pollID`, `tableTitle`) VALUES (65, 13, 'Quibusdam laboriosam nesciunt eos repellat repellendus molestiae.');
INSERT INTO `polltables` (`tableID`, `pollID`, `tableTitle`) VALUES (66, 12, 'Deleniti aperiam possimus fugit repellendus voluptatem.');
INSERT INTO `polltables` (`tableID`, `pollID`, `tableTitle`) VALUES (67, 8, 'Sit repellat excepturi enim fuga beatae tenetur.');
INSERT INTO `polltables` (`tableID`, `pollID`, `tableTitle`) VALUES (68, 6, 'Dolores autem consequuntur qui debitis aut omnis.');
INSERT INTO `polltables` (`tableID`, `pollID`, `tableTitle`) VALUES (69, 10, 'Dolorem pariatur eveniet veniam aut molestiae dolore nulla.');
INSERT INTO `polltables` (`tableID`, `pollID`, `tableTitle`) VALUES (70, 14, 'Voluptatem ullam maiores qui provident aspernatur aperiam.');
INSERT INTO `polltables` (`tableID`, `pollID`, `tableTitle`) VALUES (71, 12, 'Quo eos dolorem voluptatem vitae dolores.');
INSERT INTO `polltables` (`tableID`, `pollID`, `tableTitle`) VALUES (72, 15, 'Aspernatur atque et voluptas officiis quas sint a.');
INSERT INTO `polltables` (`tableID`, `pollID`, `tableTitle`) VALUES (73, 9, 'Repellendus et velit laudantium iure.');
INSERT INTO `polltables` (`tableID`, `pollID`, `tableTitle`) VALUES (74, 9, 'Sunt et qui qui soluta.');
INSERT INTO `polltables` (`tableID`, `pollID`, `tableTitle`) VALUES (75, 10, 'Qui soluta tempora tempora et ducimus.');
INSERT INTO `polltables` (`tableID`, `pollID`, `tableTitle`) VALUES (76, 2, 'Alias molestias vel ut amet consequatur.');
INSERT INTO `polltables` (`tableID`, `pollID`, `tableTitle`) VALUES (77, 7, 'Eos illum possimus enim et.');
INSERT INTO `polltables` (`tableID`, `pollID`, `tableTitle`) VALUES (78, 9, 'Commodi voluptas expedita doloremque laborum repudiandae facilis.');
INSERT INTO `polltables` (`tableID`, `pollID`, `tableTitle`) VALUES (79, 9, 'Sit iusto quis distinctio deleniti provident sint.');
INSERT INTO `polltables` (`tableID`, `pollID`, `tableTitle`) VALUES (80, 20, 'Deleniti qui quis officia quibusdam quisquam expedita.');
INSERT INTO `polltables` (`tableID`, `pollID`, `tableTitle`) VALUES (81, 6, 'Libero beatae et voluptas ut accusamus.');
INSERT INTO `polltables` (`tableID`, `pollID`, `tableTitle`) VALUES (82, 10, 'Odio placeat est quo dolorum explicabo.');
INSERT INTO `polltables` (`tableID`, `pollID`, `tableTitle`) VALUES (83, 7, 'Aut est quasi nihil officiis et omnis.');
INSERT INTO `polltables` (`tableID`, `pollID`, `tableTitle`) VALUES (84, 17, 'Excepturi necessitatibus placeat dolor.');
INSERT INTO `polltables` (`tableID`, `pollID`, `tableTitle`) VALUES (85, 9, 'Architecto soluta accusantium perferendis sapiente.');
INSERT INTO `polltables` (`tableID`, `pollID`, `tableTitle`) VALUES (86, 5, 'Veritatis vel corrupti temporibus quis odio.');
INSERT INTO `polltables` (`tableID`, `pollID`, `tableTitle`) VALUES (87, 2, 'Nam expedita odit voluptates excepturi sunt magnam aut nesciunt.');
INSERT INTO `polltables` (`tableID`, `pollID`, `tableTitle`) VALUES (88, 13, 'Similique magni eos et molestiae et doloribus.');
INSERT INTO `polltables` (`tableID`, `pollID`, `tableTitle`) VALUES (89, 10, 'Earum repellat culpa voluptates quis.');
INSERT INTO `polltables` (`tableID`, `pollID`, `tableTitle`) VALUES (90, 14, 'Molestiae sint ducimus recusandae et.');
INSERT INTO `polltables` (`tableID`, `pollID`, `tableTitle`) VALUES (91, 3, 'Earum aut nulla molestiae accusamus dolorem necessitatibus.');
INSERT INTO `polltables` (`tableID`, `pollID`, `tableTitle`) VALUES (92, 11, 'Omnis nobis ea voluptatibus aspernatur fuga velit.');
INSERT INTO `polltables` (`tableID`, `pollID`, `tableTitle`) VALUES (93, 16, 'Ullam aspernatur tempora ipsam velit quas non aut.');
INSERT INTO `polltables` (`tableID`, `pollID`, `tableTitle`) VALUES (94, 7, 'Doloremque ut voluptas itaque ab optio saepe rem dolor.');
INSERT INTO `polltables` (`tableID`, `pollID`, `tableTitle`) VALUES (95, 18, 'Quod et quas dolorem adipisci.');
INSERT INTO `polltables` (`tableID`, `pollID`, `tableTitle`) VALUES (96, 9, 'Omnis tenetur autem repellendus aut dolorum.');
INSERT INTO `polltables` (`tableID`, `pollID`, `tableTitle`) VALUES (97, 19, 'Nihil quia repellat quam omnis.');
INSERT INTO `polltables` (`tableID`, `pollID`, `tableTitle`) VALUES (98, 5, 'Ut accusantium repellendus sequi laborum itaque omnis ea.');
INSERT INTO `polltables` (`tableID`, `pollID`, `tableTitle`) VALUES (99, 14, 'Omnis quam nam ut.');
INSERT INTO `polltables` (`tableID`, `pollID`, `tableTitle`) VALUES (100, 8, 'Ab sed quasi deleniti et asperiores.');

INSERT INTO `pollinputs` (`inputID`, `pollID`, `inputQuestion`) VALUES (1, 1, 'Provident delectus eum corporis a sed.');
INSERT INTO `pollinputs` (`inputID`, `pollID`, `inputQuestion`) VALUES (2, 10, 'Dolores sit eos impedit consequuntur.');
INSERT INTO `pollinputs` (`inputID`, `pollID`, `inputQuestion`) VALUES (3, 12, 'Dolore ea optio officia.');
INSERT INTO `pollinputs` (`inputID`, `pollID`, `inputQuestion`) VALUES (4, 4, 'A officiis totam fugit omnis eligendi.');
INSERT INTO `pollinputs` (`inputID`, `pollID`, `inputQuestion`) VALUES (5, 14, 'Vel id ducimus sit consequuntur ipsum sint et.');
INSERT INTO `pollinputs` (`inputID`, `pollID`, `inputQuestion`) VALUES (6, 1, 'Laudantium vero laudantium accusamus sit natus.');
INSERT INTO `pollinputs` (`inputID`, `pollID`, `inputQuestion`) VALUES (7, 17, 'Libero saepe consequatur odio quisquam praesentium quasi quas.');
INSERT INTO `pollinputs` (`inputID`, `pollID`, `inputQuestion`) VALUES (8, 18, 'Ut est ut occaecati ipsa quia est eum neque.');
INSERT INTO `pollinputs` (`inputID`, `pollID`, `inputQuestion`) VALUES (9, 5, 'Ea dignissimos error itaque corrupti voluptatem.');
INSERT INTO `pollinputs` (`inputID`, `pollID`, `inputQuestion`) VALUES (10, 16, 'Iste omnis omnis voluptatem tempore laborum.');
INSERT INTO `pollinputs` (`inputID`, `pollID`, `inputQuestion`) VALUES (11, 7, 'Sed nulla iure ab quia voluptas excepturi at.');
INSERT INTO `pollinputs` (`inputID`, `pollID`, `inputQuestion`) VALUES (12, 11, 'Quae velit sint optio in alias eum consequatur doloremque.');
INSERT INTO `pollinputs` (`inputID`, `pollID`, `inputQuestion`) VALUES (13, 3, 'Et porro est nisi voluptas saepe sed expedita.');
INSERT INTO `pollinputs` (`inputID`, `pollID`, `inputQuestion`) VALUES (14, 8, 'Repellendus est temporibus voluptas dolores.');
INSERT INTO `pollinputs` (`inputID`, `pollID`, `inputQuestion`) VALUES (15, 20, 'Qui saepe eaque perferendis atque reiciendis asperiores.');
INSERT INTO `pollinputs` (`inputID`, `pollID`, `inputQuestion`) VALUES (16, 3, 'Neque sint odit sunt facilis non et vel.');
INSERT INTO `pollinputs` (`inputID`, `pollID`, `inputQuestion`) VALUES (17, 20, 'Excepturi laborum cumque dolores occaecati nobis.');
INSERT INTO `pollinputs` (`inputID`, `pollID`, `inputQuestion`) VALUES (18, 3, 'Quia est unde aut rem.');
INSERT INTO `pollinputs` (`inputID`, `pollID`, `inputQuestion`) VALUES (19, 4, 'Dolore minima quos rerum iste aut quaerat saepe.');
INSERT INTO `pollinputs` (`inputID`, `pollID`, `inputQuestion`) VALUES (20, 2, 'Qui accusamus et aliquam.');
INSERT INTO `pollinputs` (`inputID`, `pollID`, `inputQuestion`) VALUES (21, 11, 'Dolorem non enim quasi distinctio molestiae.');
INSERT INTO `pollinputs` (`inputID`, `pollID`, `inputQuestion`) VALUES (22, 6, 'Quae omnis consequuntur illum nobis a sequi.');
INSERT INTO `pollinputs` (`inputID`, `pollID`, `inputQuestion`) VALUES (23, 12, 'Officia non quos aut dolorem.');
INSERT INTO `pollinputs` (`inputID`, `pollID`, `inputQuestion`) VALUES (24, 17, 'Itaque sit ad reiciendis delectus fuga.');
INSERT INTO `pollinputs` (`inputID`, `pollID`, `inputQuestion`) VALUES (25, 20, 'Ratione accusantium aliquid et dolores ipsa numquam aut.');
INSERT INTO `pollinputs` (`inputID`, `pollID`, `inputQuestion`) VALUES (26, 10, 'Maxime deleniti est deleniti et quaerat repudiandae.');
INSERT INTO `pollinputs` (`inputID`, `pollID`, `inputQuestion`) VALUES (27, 7, 'Repudiandae ipsum ut laboriosam.');
INSERT INTO `pollinputs` (`inputID`, `pollID`, `inputQuestion`) VALUES (28, 7, 'Aliquam veniam voluptatibus laudantium id.');
INSERT INTO `pollinputs` (`inputID`, `pollID`, `inputQuestion`) VALUES (29, 3, 'Dolor eum quisquam rem inventore.');
INSERT INTO `pollinputs` (`inputID`, `pollID`, `inputQuestion`) VALUES (30, 4, 'Nostrum unde numquam ipsam voluptatem.');
INSERT INTO `pollinputs` (`inputID`, `pollID`, `inputQuestion`) VALUES (31, 7, 'Totam aliquid architecto odit quod.');
INSERT INTO `pollinputs` (`inputID`, `pollID`, `inputQuestion`) VALUES (32, 3, 'Mollitia dolor excepturi facere et quos dolorum.');
INSERT INTO `pollinputs` (`inputID`, `pollID`, `inputQuestion`) VALUES (33, 13, 'Veritatis est dolor asperiores natus recusandae praesentium maiores doloremque.');
INSERT INTO `pollinputs` (`inputID`, `pollID`, `inputQuestion`) VALUES (34, 19, 'Sequi aut et consectetur est sit amet.');
INSERT INTO `pollinputs` (`inputID`, `pollID`, `inputQuestion`) VALUES (35, 7, 'Aut qui est commodi magni.');
INSERT INTO `pollinputs` (`inputID`, `pollID`, `inputQuestion`) VALUES (36, 6, 'Incidunt est rerum ipsum quis rem velit facilis.');
INSERT INTO `pollinputs` (`inputID`, `pollID`, `inputQuestion`) VALUES (37, 20, 'Ad ea dolorum distinctio delectus voluptatem maxime.');
INSERT INTO `pollinputs` (`inputID`, `pollID`, `inputQuestion`) VALUES (38, 3, 'Ipsam beatae a quaerat aut cupiditate et dolores.');
INSERT INTO `pollinputs` (`inputID`, `pollID`, `inputQuestion`) VALUES (39, 3, 'Et vitae dolorum nobis maxime architecto non sapiente.');
INSERT INTO `pollinputs` (`inputID`, `pollID`, `inputQuestion`) VALUES (40, 4, 'Voluptates voluptas quia sunt.');
INSERT INTO `pollinputs` (`inputID`, `pollID`, `inputQuestion`) VALUES (41, 18, 'Eos delectus cumque eos voluptatem quasi exercitationem.');
INSERT INTO `pollinputs` (`inputID`, `pollID`, `inputQuestion`) VALUES (42, 10, 'Quod dolorem dolores doloremque cupiditate et voluptatem.');
INSERT INTO `pollinputs` (`inputID`, `pollID`, `inputQuestion`) VALUES (43, 15, 'Dolore possimus officiis nulla saepe rerum nisi pariatur.');
INSERT INTO `pollinputs` (`inputID`, `pollID`, `inputQuestion`) VALUES (44, 20, 'Rem nesciunt nesciunt voluptas amet.');
INSERT INTO `pollinputs` (`inputID`, `pollID`, `inputQuestion`) VALUES (45, 17, 'Dolorum quia nostrum aperiam eius ex vel.');
INSERT INTO `pollinputs` (`inputID`, `pollID`, `inputQuestion`) VALUES (46, 14, 'Unde repellat doloremque cumque dolores ad.');
INSERT INTO `pollinputs` (`inputID`, `pollID`, `inputQuestion`) VALUES (47, 3, 'Excepturi sed reiciendis sint aut.');
INSERT INTO `pollinputs` (`inputID`, `pollID`, `inputQuestion`) VALUES (48, 17, 'Et nam omnis ea minima omnis ut dolor.');
INSERT INTO `pollinputs` (`inputID`, `pollID`, `inputQuestion`) VALUES (49, 17, 'Quia non molestias pariatur perspiciatis eum ut.');
INSERT INTO `pollinputs` (`inputID`, `pollID`, `inputQuestion`) VALUES (50, 6, 'Nihil possimus suscipit ut eos.');

INSERT INTO `tableanswers` (`answerID`, `tableID`, `answer`, `value`) VALUES (1, 25, 'Quidem quidem nam vitae reiciendis.', NULL);
INSERT INTO `tableanswers` (`answerID`, `tableID`, `answer`, `value`) VALUES (2, 38, 'Aut aut quo ut consectetur unde quia.', NULL);
INSERT INTO `tableanswers` (`answerID`, `tableID`, `answer`, `value`) VALUES (3, 24, 'Eius sit deserunt doloremque mollitia deleniti aspernatur.', NULL);
INSERT INTO `tableanswers` (`answerID`, `tableID`, `answer`, `value`) VALUES (4, 58, 'Eum aut quibusdam illo natus culpa.', NULL);
INSERT INTO `tableanswers` (`answerID`, `tableID`, `answer`, `value`) VALUES (5, 32, 'Molestiae veritatis accusantium at exercitationem.', NULL);
INSERT INTO `tableanswers` (`answerID`, `tableID`, `answer`, `value`) VALUES (6, 10, 'Ut et autem et omnis.', NULL);
INSERT INTO `tableanswers` (`answerID`, `tableID`, `answer`, `value`) VALUES (7, 60, 'Iste sequi suscipit et nesciunt et dolorem laborum.', NULL);
INSERT INTO `tableanswers` (`answerID`, `tableID`, `answer`, `value`) VALUES (8, 39, 'Maiores consequuntur consequatur neque modi.', NULL);
INSERT INTO `tableanswers` (`answerID`, `tableID`, `answer`, `value`) VALUES (9, 53, 'Qui sed qui et mollitia veniam omnis quia.', NULL);
INSERT INTO `tableanswers` (`answerID`, `tableID`, `answer`, `value`) VALUES (10, 2, 'Ut id aut nesciunt et illum ut.', NULL);
INSERT INTO `tableanswers` (`answerID`, `tableID`, `answer`, `value`) VALUES (11, 85, 'In libero quibusdam soluta earum vitae magni.', NULL);
INSERT INTO `tableanswers` (`answerID`, `tableID`, `answer`, `value`) VALUES (12, 28, 'Eius sit inventore nisi et molestias numquam.', NULL);
INSERT INTO `tableanswers` (`answerID`, `tableID`, `answer`, `value`) VALUES (13, 61, 'Nobis et et ea similique voluptatum quae dolores.', NULL);
INSERT INTO `tableanswers` (`answerID`, `tableID`, `answer`, `value`) VALUES (14, 22, 'Ea voluptas necessitatibus eius amet.', NULL);
INSERT INTO `tableanswers` (`answerID`, `tableID`, `answer`, `value`) VALUES (15, 81, 'Earum fugit ad sit.', NULL);
INSERT INTO `tableanswers` (`answerID`, `tableID`, `answer`, `value`) VALUES (16, 77, 'Qui aut et aperiam.', NULL);
INSERT INTO `tableanswers` (`answerID`, `tableID`, `answer`, `value`) VALUES (17, 74, 'Sit ab quia tenetur in.', NULL);
INSERT INTO `tableanswers` (`answerID`, `tableID`, `answer`, `value`) VALUES (18, 93, 'Natus culpa illum doloribus quia.', NULL);
INSERT INTO `tableanswers` (`answerID`, `tableID`, `answer`, `value`) VALUES (19, 74, 'Praesentium laudantium similique velit sit culpa dolorem.', NULL);
INSERT INTO `tableanswers` (`answerID`, `tableID`, `answer`, `value`) VALUES (20, 81, 'Laborum eaque doloribus autem delectus vel in et officiis.', NULL);
INSERT INTO `tableanswers` (`answerID`, `tableID`, `answer`, `value`) VALUES (21, 47, 'Temporibus eaque adipisci porro rerum eos repellendus consequuntur non.', NULL);
INSERT INTO `tableanswers` (`answerID`, `tableID`, `answer`, `value`) VALUES (22, 70, 'Quia et officiis consequatur aut neque ea.', NULL);
INSERT INTO `tableanswers` (`answerID`, `tableID`, `answer`, `value`) VALUES (23, 49, 'Aliquid soluta architecto natus.', NULL);
INSERT INTO `tableanswers` (`answerID`, `tableID`, `answer`, `value`) VALUES (24, 37, 'Consequatur ut nemo quo vero.', NULL);
INSERT INTO `tableanswers` (`answerID`, `tableID`, `answer`, `value`) VALUES (25, 8, 'Qui dolor minima et molestias officiis.', NULL);
INSERT INTO `tableanswers` (`answerID`, `tableID`, `answer`, `value`) VALUES (26, 70, 'Id officiis voluptatem est ullam perferendis autem.', NULL);
INSERT INTO `tableanswers` (`answerID`, `tableID`, `answer`, `value`) VALUES (27, 44, 'Et ipsum iste officiis soluta commodi voluptatem.', NULL);
INSERT INTO `tableanswers` (`answerID`, `tableID`, `answer`, `value`) VALUES (28, 61, 'Eius aperiam inventore vel inventore voluptatem eum.', NULL);
INSERT INTO `tableanswers` (`answerID`, `tableID`, `answer`, `value`) VALUES (29, 77, 'Hic sit ut sapiente enim aut autem.', NULL);
INSERT INTO `tableanswers` (`answerID`, `tableID`, `answer`, `value`) VALUES (30, 73, 'Amet asperiores deserunt et.', NULL);
INSERT INTO `tableanswers` (`answerID`, `tableID`, `answer`, `value`) VALUES (31, 49, 'Atque et id quidem doloribus.', NULL);
INSERT INTO `tableanswers` (`answerID`, `tableID`, `answer`, `value`) VALUES (32, 87, 'Accusamus qui repellendus veniam consequuntur.', NULL);
INSERT INTO `tableanswers` (`answerID`, `tableID`, `answer`, `value`) VALUES (33, 52, 'Sequi fuga voluptas quos voluptas dignissimos dolorem.', NULL);
INSERT INTO `tableanswers` (`answerID`, `tableID`, `answer`, `value`) VALUES (34, 98, 'Nesciunt ipsam totam repellat optio quae.', NULL);
INSERT INTO `tableanswers` (`answerID`, `tableID`, `answer`, `value`) VALUES (35, 10, 'Qui velit ea ut dolore.', NULL);
INSERT INTO `tableanswers` (`answerID`, `tableID`, `answer`, `value`) VALUES (36, 36, 'Consequatur facilis dolor optio voluptates laboriosam iste et.', NULL);
INSERT INTO `tableanswers` (`answerID`, `tableID`, `answer`, `value`) VALUES (37, 74, 'Corrupti accusamus sint tempora blanditiis.', NULL);
INSERT INTO `tableanswers` (`answerID`, `tableID`, `answer`, `value`) VALUES (38, 44, 'Eum ratione exercitationem dolorem reprehenderit blanditiis molestiae.', NULL);
INSERT INTO `tableanswers` (`answerID`, `tableID`, `answer`, `value`) VALUES (39, 77, 'Quis ex est qui quo deserunt beatae.', NULL);
INSERT INTO `tableanswers` (`answerID`, `tableID`, `answer`, `value`) VALUES (40, 15, 'Placeat recusandae magnam nemo porro repellat.', NULL);
INSERT INTO `tableanswers` (`answerID`, `tableID`, `answer`, `value`) VALUES (41, 98, 'Minima mollitia nulla sed vitae dolor.', NULL);
INSERT INTO `tableanswers` (`answerID`, `tableID`, `answer`, `value`) VALUES (42, 20, 'Eveniet minus ut molestiae veritatis aut aut.', NULL);
INSERT INTO `tableanswers` (`answerID`, `tableID`, `answer`, `value`) VALUES (43, 68, 'Quam ea doloribus esse fugit amet recusandae.', NULL);
INSERT INTO `tableanswers` (`answerID`, `tableID`, `answer`, `value`) VALUES (44, 68, 'Repellat dolorem et minima et.', NULL);
INSERT INTO `tableanswers` (`answerID`, `tableID`, `answer`, `value`) VALUES (45, 7, 'Sit odio facere quia quo.', NULL);
INSERT INTO `tableanswers` (`answerID`, `tableID`, `answer`, `value`) VALUES (46, 85, 'Quidem a aspernatur aliquid.', NULL);
INSERT INTO `tableanswers` (`answerID`, `tableID`, `answer`, `value`) VALUES (47, 13, 'Tempore eaque doloribus libero dolor totam.', NULL);
INSERT INTO `tableanswers` (`answerID`, `tableID`, `answer`, `value`) VALUES (48, 38, 'Qui quo id est repudiandae cupiditate.', NULL);
INSERT INTO `tableanswers` (`answerID`, `tableID`, `answer`, `value`) VALUES (49, 29, 'Nostrum odit quae nihil quam laboriosam.', NULL);
INSERT INTO `tableanswers` (`answerID`, `tableID`, `answer`, `value`) VALUES (50, 97, 'Aut quia non laudantium ut.', NULL);
INSERT INTO `tableanswers` (`answerID`, `tableID`, `answer`, `value`) VALUES (51, 86, 'Voluptatem magnam fugiat eaque nihil ex et perferendis.', NULL);
INSERT INTO `tableanswers` (`answerID`, `tableID`, `answer`, `value`) VALUES (52, 27, 'Totam sint et magnam distinctio modi.', NULL);
INSERT INTO `tableanswers` (`answerID`, `tableID`, `answer`, `value`) VALUES (53, 65, 'Qui error expedita laudantium nemo animi dicta repellat.', NULL);
INSERT INTO `tableanswers` (`answerID`, `tableID`, `answer`, `value`) VALUES (54, 44, 'Consectetur et quas magnam et non distinctio.', NULL);
INSERT INTO `tableanswers` (`answerID`, `tableID`, `answer`, `value`) VALUES (55, 84, 'Rerum excepturi aut quo officia non rerum.', NULL);
INSERT INTO `tableanswers` (`answerID`, `tableID`, `answer`, `value`) VALUES (56, 22, 'Autem autem dolore ut explicabo facilis sed.', NULL);
INSERT INTO `tableanswers` (`answerID`, `tableID`, `answer`, `value`) VALUES (57, 89, 'Placeat molestiae voluptatem est tenetur.', NULL);
INSERT INTO `tableanswers` (`answerID`, `tableID`, `answer`, `value`) VALUES (58, 88, 'Porro est provident error necessitatibus itaque et maxime soluta.', NULL);
INSERT INTO `tableanswers` (`answerID`, `tableID`, `answer`, `value`) VALUES (59, 21, 'Nihil molestias nihil quibusdam fuga sit.', NULL);
INSERT INTO `tableanswers` (`answerID`, `tableID`, `answer`, `value`) VALUES (60, 72, 'Laboriosam perferendis facere consequatur eos sed error numquam.', NULL);
INSERT INTO `tableanswers` (`answerID`, `tableID`, `answer`, `value`) VALUES (61, 87, 'Numquam veritatis animi dolore suscipit similique.', NULL);
INSERT INTO `tableanswers` (`answerID`, `tableID`, `answer`, `value`) VALUES (62, 96, 'Culpa error et amet distinctio sapiente est.', NULL);
INSERT INTO `tableanswers` (`answerID`, `tableID`, `answer`, `value`) VALUES (63, 43, 'Unde modi et est sunt culpa dolorem.', NULL);
INSERT INTO `tableanswers` (`answerID`, `tableID`, `answer`, `value`) VALUES (64, 74, 'Hic aliquam labore mollitia eligendi.', NULL);
INSERT INTO `tableanswers` (`answerID`, `tableID`, `answer`, `value`) VALUES (65, 37, 'Dolores ab omnis totam eius.', NULL);
INSERT INTO `tableanswers` (`answerID`, `tableID`, `answer`, `value`) VALUES (66, 8, 'Sint animi eaque voluptas velit.', NULL);
INSERT INTO `tableanswers` (`answerID`, `tableID`, `answer`, `value`) VALUES (67, 85, 'Sequi dolorum rerum nam atque excepturi.', NULL);
INSERT INTO `tableanswers` (`answerID`, `tableID`, `answer`, `value`) VALUES (68, 36, 'Sunt esse placeat et aliquam.', NULL);
INSERT INTO `tableanswers` (`answerID`, `tableID`, `answer`, `value`) VALUES (69, 95, 'Nulla provident consequatur quia provident et culpa reprehenderit laborum.', NULL);
INSERT INTO `tableanswers` (`answerID`, `tableID`, `answer`, `value`) VALUES (70, 20, 'Repellendus nam voluptas repellat ut voluptatem.', NULL);
INSERT INTO `tableanswers` (`answerID`, `tableID`, `answer`, `value`) VALUES (71, 51, 'Quam quis assumenda cumque et recusandae.', NULL);
INSERT INTO `tableanswers` (`answerID`, `tableID`, `answer`, `value`) VALUES (72, 91, 'Dignissimos at ex dolorum ea.', NULL);
INSERT INTO `tableanswers` (`answerID`, `tableID`, `answer`, `value`) VALUES (73, 89, 'Et voluptate atque aut id pariatur et aspernatur ab.', NULL);
INSERT INTO `tableanswers` (`answerID`, `tableID`, `answer`, `value`) VALUES (74, 68, 'Ut quia ab repellendus quia.', NULL);
INSERT INTO `tableanswers` (`answerID`, `tableID`, `answer`, `value`) VALUES (75, 77, 'Magnam in eius hic dolorum exercitationem.', NULL);
INSERT INTO `tableanswers` (`answerID`, `tableID`, `answer`, `value`) VALUES (76, 6, 'Omnis animi ab vitae ratione qui aut.', NULL);
INSERT INTO `tableanswers` (`answerID`, `tableID`, `answer`, `value`) VALUES (77, 65, 'Et adipisci ea dicta rerum earum inventore facere.', NULL);
INSERT INTO `tableanswers` (`answerID`, `tableID`, `answer`, `value`) VALUES (78, 5, 'Nam totam itaque voluptas molestiae.', NULL);
INSERT INTO `tableanswers` (`answerID`, `tableID`, `answer`, `value`) VALUES (79, 15, 'Vel dolore deserunt sint qui.', NULL);
INSERT INTO `tableanswers` (`answerID`, `tableID`, `answer`, `value`) VALUES (80, 23, 'Maiores odit impedit quo.', NULL);
INSERT INTO `tableanswers` (`answerID`, `tableID`, `answer`, `value`) VALUES (81, 25, 'Voluptatum unde vel magnam aut.', NULL);
INSERT INTO `tableanswers` (`answerID`, `tableID`, `answer`, `value`) VALUES (82, 16, 'Ex minus odio quas ut quo repellat.', NULL);
INSERT INTO `tableanswers` (`answerID`, `tableID`, `answer`, `value`) VALUES (83, 86, 'Sint quaerat in reiciendis molestiae quibusdam ut velit omnis.', NULL);
INSERT INTO `tableanswers` (`answerID`, `tableID`, `answer`, `value`) VALUES (84, 78, 'Ut suscipit nostrum iure inventore.', NULL);
INSERT INTO `tableanswers` (`answerID`, `tableID`, `answer`, `value`) VALUES (85, 95, 'Voluptas illum culpa earum ullam corrupti.', NULL);
INSERT INTO `tableanswers` (`answerID`, `tableID`, `answer`, `value`) VALUES (86, 36, 'Velit provident enim rerum.', NULL);
INSERT INTO `tableanswers` (`answerID`, `tableID`, `answer`, `value`) VALUES (87, 40, 'Voluptatem repellat vel necessitatibus ut.', NULL);
INSERT INTO `tableanswers` (`answerID`, `tableID`, `answer`, `value`) VALUES (88, 74, 'Et non non quaerat cum aut facere sequi est.', NULL);
INSERT INTO `tableanswers` (`answerID`, `tableID`, `answer`, `value`) VALUES (89, 45, 'Dolores corrupti a quia rerum eum aut vero.', NULL);
INSERT INTO `tableanswers` (`answerID`, `tableID`, `answer`, `value`) VALUES (90, 3, 'Recusandae saepe maiores similique harum rerum ullam aliquam.', NULL);
INSERT INTO `tableanswers` (`answerID`, `tableID`, `answer`, `value`) VALUES (91, 81, 'Exercitationem quaerat quisquam debitis itaque quas aut cupiditate.', NULL);
INSERT INTO `tableanswers` (`answerID`, `tableID`, `answer`, `value`) VALUES (92, 22, 'Sed atque eligendi est ullam id quia.', NULL);
INSERT INTO `tableanswers` (`answerID`, `tableID`, `answer`, `value`) VALUES (93, 31, 'Officia nesciunt ut eveniet ea aut molestiae est.', NULL);
INSERT INTO `tableanswers` (`answerID`, `tableID`, `answer`, `value`) VALUES (94, 63, 'Reprehenderit voluptates sed nisi molestiae quos.', NULL);
INSERT INTO `tableanswers` (`answerID`, `tableID`, `answer`, `value`) VALUES (95, 33, 'Et quia incidunt qui molestias natus.', NULL);
INSERT INTO `tableanswers` (`answerID`, `tableID`, `answer`, `value`) VALUES (96, 91, 'Provident mollitia illum atque qui dolorum totam.', NULL);
INSERT INTO `tableanswers` (`answerID`, `tableID`, `answer`, `value`) VALUES (97, 81, 'Perspiciatis quia magni nisi laborum.', NULL);
INSERT INTO `tableanswers` (`answerID`, `tableID`, `answer`, `value`) VALUES (98, 37, 'Atque voluptatem enim molestiae rerum et esse veniam.', NULL);
INSERT INTO `tableanswers` (`answerID`, `tableID`, `answer`, `value`) VALUES (99, 16, 'Et consectetur enim aut ab quam vero.', NULL);
INSERT INTO `tableanswers` (`answerID`, `tableID`, `answer`, `value`) VALUES (100, 41, 'Maiores et sint minima nisi repellat sed necessitatibus qui.', NULL);
INSERT INTO `tableanswers` (`answerID`, `tableID`, `answer`, `value`) VALUES (101, 11, 'Qui placeat magnam non quod maiores quaerat enim.', NULL);
INSERT INTO `tableanswers` (`answerID`, `tableID`, `answer`, `value`) VALUES (102, 16, 'Officiis exercitationem consequatur qui odit inventore animi ipsum.', NULL);
INSERT INTO `tableanswers` (`answerID`, `tableID`, `answer`, `value`) VALUES (103, 81, 'Reiciendis sequi voluptatibus cupiditate fugiat itaque magnam.', NULL);
INSERT INTO `tableanswers` (`answerID`, `tableID`, `answer`, `value`) VALUES (104, 46, 'Amet debitis illum accusamus animi deserunt et.', NULL);
INSERT INTO `tableanswers` (`answerID`, `tableID`, `answer`, `value`) VALUES (105, 52, 'Qui quis et quis consequatur a nostrum amet.', NULL);
INSERT INTO `tableanswers` (`answerID`, `tableID`, `answer`, `value`) VALUES (106, 24, 'Laboriosam et excepturi libero quae molestiae repellat.', NULL);
INSERT INTO `tableanswers` (`answerID`, `tableID`, `answer`, `value`) VALUES (107, 95, 'Laborum neque quod aperiam laudantium.', NULL);
INSERT INTO `tableanswers` (`answerID`, `tableID`, `answer`, `value`) VALUES (108, 80, 'Voluptas ducimus dignissimos expedita.', NULL);
INSERT INTO `tableanswers` (`answerID`, `tableID`, `answer`, `value`) VALUES (109, 100, 'Quisquam eveniet architecto voluptatibus nemo.', NULL);
INSERT INTO `tableanswers` (`answerID`, `tableID`, `answer`, `value`) VALUES (110, 43, 'Recusandae dolores qui quos sint adipisci hic dolor molestiae.', NULL);
INSERT INTO `tableanswers` (`answerID`, `tableID`, `answer`, `value`) VALUES (111, 23, 'Repellat deserunt beatae dolore molestias.', NULL);
INSERT INTO `tableanswers` (`answerID`, `tableID`, `answer`, `value`) VALUES (112, 41, 'Blanditiis sunt aut dolores voluptatibus eveniet quae repellat.', NULL);
INSERT INTO `tableanswers` (`answerID`, `tableID`, `answer`, `value`) VALUES (113, 51, 'Odio corrupti ex rem non.', NULL);
INSERT INTO `tableanswers` (`answerID`, `tableID`, `answer`, `value`) VALUES (114, 57, 'Soluta maxime esse cupiditate optio.', NULL);
INSERT INTO `tableanswers` (`answerID`, `tableID`, `answer`, `value`) VALUES (115, 34, 'Fugiat laudantium qui distinctio enim ea.', NULL);
INSERT INTO `tableanswers` (`answerID`, `tableID`, `answer`, `value`) VALUES (116, 23, 'Et tempora pariatur culpa atque repellat.', NULL);
INSERT INTO `tableanswers` (`answerID`, `tableID`, `answer`, `value`) VALUES (117, 16, 'Non unde et aperiam sunt temporibus nulla sit.', NULL);
INSERT INTO `tableanswers` (`answerID`, `tableID`, `answer`, `value`) VALUES (118, 22, 'Sint repellat fugit ea hic.', NULL);
INSERT INTO `tableanswers` (`answerID`, `tableID`, `answer`, `value`) VALUES (119, 52, 'A voluptatem quo saepe suscipit reiciendis in.', NULL);
INSERT INTO `tableanswers` (`answerID`, `tableID`, `answer`, `value`) VALUES (120, 93, 'Voluptas labore totam aut nemo sed dolorem explicabo.', NULL);
INSERT INTO `tableanswers` (`answerID`, `tableID`, `answer`, `value`) VALUES (121, 25, 'Eos repellat doloribus occaecati consequatur dolorem.', NULL);
INSERT INTO `tableanswers` (`answerID`, `tableID`, `answer`, `value`) VALUES (122, 92, 'Dolorum sint ex ipsum sit.', NULL);
INSERT INTO `tableanswers` (`answerID`, `tableID`, `answer`, `value`) VALUES (123, 66, 'Cumque est reprehenderit aut aliquid officia ab quo.', NULL);
INSERT INTO `tableanswers` (`answerID`, `tableID`, `answer`, `value`) VALUES (124, 27, 'Rerum magnam et quo a cum et impedit.', NULL);
INSERT INTO `tableanswers` (`answerID`, `tableID`, `answer`, `value`) VALUES (125, 17, 'Quia voluptatem quasi earum libero.', NULL);
INSERT INTO `tableanswers` (`answerID`, `tableID`, `answer`, `value`) VALUES (126, 25, 'Suscipit et temporibus nihil sunt aut ipsum qui quam.', NULL);
INSERT INTO `tableanswers` (`answerID`, `tableID`, `answer`, `value`) VALUES (127, 94, 'Nulla aperiam qui laborum sunt.', NULL);

INSERT INTO `tablequestions` (`questionID`, `tableID`, `question`) VALUES (1, 81, 'Repellendus aliquid qui iure nesciunt accusantium atque quod.');
INSERT INTO `tablequestions` (`questionID`, `tableID`, `question`) VALUES (2, 97, 'Qui ipsum officia ab consequatur delectus.');
INSERT INTO `tablequestions` (`questionID`, `tableID`, `question`) VALUES (3, 85, 'Laborum esse et laborum eos eius sed facilis quia.');
INSERT INTO `tablequestions` (`questionID`, `tableID`, `question`) VALUES (4, 89, 'Sint delectus qui qui eum commodi.');
INSERT INTO `tablequestions` (`questionID`, `tableID`, `question`) VALUES (5, 6, 'Quis consequuntur illum exercitationem quo numquam.');
INSERT INTO `tablequestions` (`questionID`, `tableID`, `question`) VALUES (6, 18, 'Non possimus ut ut quo qui fugit.');
INSERT INTO `tablequestions` (`questionID`, `tableID`, `question`) VALUES (7, 92, 'Necessitatibus aliquam corrupti dolorem ipsum suscipit provident qui.');
INSERT INTO `tablequestions` (`questionID`, `tableID`, `question`) VALUES (8, 19, 'Rerum officiis quis et voluptate et unde.');
INSERT INTO `tablequestions` (`questionID`, `tableID`, `question`) VALUES (9, 96, 'Possimus autem quia pariatur perspiciatis.');
INSERT INTO `tablequestions` (`questionID`, `tableID`, `question`) VALUES (10, 28, 'Aut placeat totam dolore magni.');
INSERT INTO `tablequestions` (`questionID`, `tableID`, `question`) VALUES (11, 74, 'Rerum itaque odio voluptates praesentium aut tenetur et.');
INSERT INTO `tablequestions` (`questionID`, `tableID`, `question`) VALUES (12, 15, 'Voluptatem iure sit ullam sit quibusdam.');
INSERT INTO `tablequestions` (`questionID`, `tableID`, `question`) VALUES (13, 82, 'Et corrupti aspernatur eaque doloribus dolor.');
INSERT INTO `tablequestions` (`questionID`, `tableID`, `question`) VALUES (14, 91, 'Soluta voluptas doloribus qui facere culpa officiis amet.');
INSERT INTO `tablequestions` (`questionID`, `tableID`, `question`) VALUES (15, 77, 'Numquam ut libero debitis hic.');
INSERT INTO `tablequestions` (`questionID`, `tableID`, `question`) VALUES (16, 19, 'Consequuntur quam est repellat sit aspernatur natus veritatis.');
INSERT INTO `tablequestions` (`questionID`, `tableID`, `question`) VALUES (17, 93, 'Sed quis sunt aliquam error molestias quisquam voluptas.');
INSERT INTO `tablequestions` (`questionID`, `tableID`, `question`) VALUES (18, 78, 'Perspiciatis quos repudiandae autem.');
INSERT INTO `tablequestions` (`questionID`, `tableID`, `question`) VALUES (19, 84, 'Vero aut magni numquam est dolor sed.');
INSERT INTO `tablequestions` (`questionID`, `tableID`, `question`) VALUES (20, 32, 'Culpa aut non quam rem ratione ut odit.');
INSERT INTO `tablequestions` (`questionID`, `tableID`, `question`) VALUES (21, 69, 'Est saepe rerum quisquam et maiores.');
INSERT INTO `tablequestions` (`questionID`, `tableID`, `question`) VALUES (22, 48, 'Dignissimos quas aut voluptatem et corporis ea alias.');
INSERT INTO `tablequestions` (`questionID`, `tableID`, `question`) VALUES (23, 50, 'Quas in vel facere perspiciatis.');
INSERT INTO `tablequestions` (`questionID`, `tableID`, `question`) VALUES (24, 46, 'Suscipit rerum accusantium nihil harum qui dolor voluptatem.');
INSERT INTO `tablequestions` (`questionID`, `tableID`, `question`) VALUES (25, 83, 'Ut eos quo laudantium facilis omnis ullam eum qui.');
INSERT INTO `tablequestions` (`questionID`, `tableID`, `question`) VALUES (26, 7, 'Ut facere et animi.');
INSERT INTO `tablequestions` (`questionID`, `tableID`, `question`) VALUES (27, 39, 'Maxime nulla omnis rerum dolor quod ea rem veniam.');
INSERT INTO `tablequestions` (`questionID`, `tableID`, `question`) VALUES (28, 15, 'Cumque natus reprehenderit sit necessitatibus nostrum.');
INSERT INTO `tablequestions` (`questionID`, `tableID`, `question`) VALUES (29, 50, 'Iure omnis voluptas aut facere.');
INSERT INTO `tablequestions` (`questionID`, `tableID`, `question`) VALUES (30, 64, 'Modi atque impedit esse rem architecto eveniet vero.');
INSERT INTO `tablequestions` (`questionID`, `tableID`, `question`) VALUES (31, 32, 'Excepturi est ut repudiandae repellat quasi.');
INSERT INTO `tablequestions` (`questionID`, `tableID`, `question`) VALUES (32, 87, 'Ea dolorem similique ipsum ullam est et.');
INSERT INTO `tablequestions` (`questionID`, `tableID`, `question`) VALUES (33, 10, 'Explicabo molestiae nam occaecati et sit non eos quia.');
INSERT INTO `tablequestions` (`questionID`, `tableID`, `question`) VALUES (34, 26, 'Reprehenderit reiciendis amet perspiciatis architecto aut.');
INSERT INTO `tablequestions` (`questionID`, `tableID`, `question`) VALUES (35, 66, 'Quod eum doloribus cumque nobis esse ut.');
INSERT INTO `tablequestions` (`questionID`, `tableID`, `question`) VALUES (36, 28, 'Aliquam sed saepe libero voluptate.');
INSERT INTO `tablequestions` (`questionID`, `tableID`, `question`) VALUES (37, 19, 'Ad laudantium harum consectetur aliquid adipisci.');
INSERT INTO `tablequestions` (`questionID`, `tableID`, `question`) VALUES (38, 58, 'Dolor nulla culpa accusantium aliquam tempora.');
INSERT INTO `tablequestions` (`questionID`, `tableID`, `question`) VALUES (39, 26, 'Maiores occaecati dolor voluptatem veritatis nostrum aut quia.');
INSERT INTO `tablequestions` (`questionID`, `tableID`, `question`) VALUES (40, 1, 'Atque distinctio molestiae et omnis qui.');
INSERT INTO `tablequestions` (`questionID`, `tableID`, `question`) VALUES (41, 73, 'Cum assumenda optio dolor nihil eveniet.');
INSERT INTO `tablequestions` (`questionID`, `tableID`, `question`) VALUES (42, 53, 'Et id rerum maiores maiores.');
INSERT INTO `tablequestions` (`questionID`, `tableID`, `question`) VALUES (43, 64, 'Et veritatis ullam quod distinctio quis.');
INSERT INTO `tablequestions` (`questionID`, `tableID`, `question`) VALUES (44, 55, 'Et beatae quam consequatur repudiandae vero minima.');
INSERT INTO `tablequestions` (`questionID`, `tableID`, `question`) VALUES (45, 37, 'Sed iure et omnis nisi.');
INSERT INTO `tablequestions` (`questionID`, `tableID`, `question`) VALUES (46, 9, 'Ipsa ullam eius quam consectetur repudiandae sint.');
INSERT INTO `tablequestions` (`questionID`, `tableID`, `question`) VALUES (47, 42, 'Accusamus et veritatis dolorem qui tenetur fugiat veritatis temporibus.');
INSERT INTO `tablequestions` (`questionID`, `tableID`, `question`) VALUES (48, 96, 'Explicabo dolor autem ut quo aliquid.');
INSERT INTO `tablequestions` (`questionID`, `tableID`, `question`) VALUES (49, 6, 'In saepe in minus sit est quisquam labore.');
INSERT INTO `tablequestions` (`questionID`, `tableID`, `question`) VALUES (50, 59, 'Ullam aliquam neque sint libero aliquid incidunt.');
INSERT INTO `tablequestions` (`questionID`, `tableID`, `question`) VALUES (51, 26, 'Aliquid magnam illum ab ut alias qui numquam.');
INSERT INTO `tablequestions` (`questionID`, `tableID`, `question`) VALUES (52, 89, 'Et unde quisquam et.');
INSERT INTO `tablequestions` (`questionID`, `tableID`, `question`) VALUES (53, 23, 'Dolores occaecati cupiditate et et molestiae nam perferendis.');
INSERT INTO `tablequestions` (`questionID`, `tableID`, `question`) VALUES (54, 80, 'Veritatis quis amet officiis velit.');
INSERT INTO `tablequestions` (`questionID`, `tableID`, `question`) VALUES (55, 35, 'Repellendus voluptas est eum est voluptatem in quasi.');
INSERT INTO `tablequestions` (`questionID`, `tableID`, `question`) VALUES (56, 27, 'Officia dolore libero laboriosam qui sit.');
INSERT INTO `tablequestions` (`questionID`, `tableID`, `question`) VALUES (57, 89, 'Dolore qui et voluptates sapiente.');
INSERT INTO `tablequestions` (`questionID`, `tableID`, `question`) VALUES (58, 17, 'Consequuntur quia voluptate minima et quisquam rerum.');
INSERT INTO `tablequestions` (`questionID`, `tableID`, `question`) VALUES (59, 56, 'Accusantium harum eos itaque vitae.');
INSERT INTO `tablequestions` (`questionID`, `tableID`, `question`) VALUES (60, 100, 'Velit qui recusandae qui eveniet suscipit.');
INSERT INTO `tablequestions` (`questionID`, `tableID`, `question`) VALUES (61, 15, 'Ea non dolor nihil vitae temporibus.');
INSERT INTO `tablequestions` (`questionID`, `tableID`, `question`) VALUES (62, 46, 'Optio rerum sed quo in id asperiores aliquam dolorem.');
INSERT INTO `tablequestions` (`questionID`, `tableID`, `question`) VALUES (63, 85, 'Quibusdam asperiores ex provident cupiditate perspiciatis quaerat.');
INSERT INTO `tablequestions` (`questionID`, `tableID`, `question`) VALUES (64, 56, 'Aperiam et commodi aut assumenda autem.');
INSERT INTO `tablequestions` (`questionID`, `tableID`, `question`) VALUES (65, 6, 'Ducimus vitae distinctio est et.');
INSERT INTO `tablequestions` (`questionID`, `tableID`, `question`) VALUES (66, 6, 'Consequatur omnis consequatur molestias quas impedit animi sint eius.');
INSERT INTO `tablequestions` (`questionID`, `tableID`, `question`) VALUES (67, 31, 'Placeat aperiam quis quidem consequuntur sint.');
INSERT INTO `tablequestions` (`questionID`, `tableID`, `question`) VALUES (68, 55, 'Aut atque aperiam ab alias impedit omnis.');
INSERT INTO `tablequestions` (`questionID`, `tableID`, `question`) VALUES (69, 98, 'Deserunt atque dicta maiores occaecati voluptatem repudiandae.');
INSERT INTO `tablequestions` (`questionID`, `tableID`, `question`) VALUES (70, 71, 'Vero sit nam enim omnis vel.');
INSERT INTO `tablequestions` (`questionID`, `tableID`, `question`) VALUES (71, 10, 'Rerum perferendis amet ad vero cumque aspernatur.');
INSERT INTO `tablequestions` (`questionID`, `tableID`, `question`) VALUES (72, 66, 'Magnam impedit maxime eius deserunt numquam.');
INSERT INTO `tablequestions` (`questionID`, `tableID`, `question`) VALUES (73, 26, 'Est dolorem tempora quia.');
INSERT INTO `tablequestions` (`questionID`, `tableID`, `question`) VALUES (74, 24, 'Suscipit asperiores quasi magni vel quasi consequatur.');
INSERT INTO `tablequestions` (`questionID`, `tableID`, `question`) VALUES (75, 75, 'Et magni odio corporis.');
INSERT INTO `tablequestions` (`questionID`, `tableID`, `question`) VALUES (76, 22, 'Sapiente rerum officia laborum non quia est.');
INSERT INTO `tablequestions` (`questionID`, `tableID`, `question`) VALUES (77, 26, 'Dolorum autem nulla sapiente libero et.');
INSERT INTO `tablequestions` (`questionID`, `tableID`, `question`) VALUES (78, 39, 'Fugiat blanditiis et quisquam deserunt incidunt.');
INSERT INTO `tablequestions` (`questionID`, `tableID`, `question`) VALUES (79, 81, 'Sint consequatur ratione eaque voluptatem dolores molestiae ipsam.');
INSERT INTO `tablequestions` (`questionID`, `tableID`, `question`) VALUES (80, 86, 'Sapiente recusandae quas est consequatur reprehenderit.');
INSERT INTO `tablequestions` (`questionID`, `tableID`, `question`) VALUES (81, 95, 'Consequuntur asperiores culpa iure molestiae eum consequatur quasi.');
INSERT INTO `tablequestions` (`questionID`, `tableID`, `question`) VALUES (82, 67, 'Aut repellendus voluptatem quisquam ipsa voluptatem dolore et.');
INSERT INTO `tablequestions` (`questionID`, `tableID`, `question`) VALUES (83, 17, 'Blanditiis tenetur vel quibusdam id soluta dolore.');
INSERT INTO `tablequestions` (`questionID`, `tableID`, `question`) VALUES (84, 30, 'Ut accusamus ipsa voluptatibus eum.');
INSERT INTO `tablequestions` (`questionID`, `tableID`, `question`) VALUES (85, 52, 'Qui dolorem voluptatibus quam aut.');
INSERT INTO `tablequestions` (`questionID`, `tableID`, `question`) VALUES (86, 76, 'Ut consectetur suscipit qui magnam.');
INSERT INTO `tablequestions` (`questionID`, `tableID`, `question`) VALUES (87, 57, 'Perferendis assumenda nisi mollitia mollitia dolores repudiandae eius.');
INSERT INTO `tablequestions` (`questionID`, `tableID`, `question`) VALUES (88, 50, 'Recusandae aspernatur magnam reiciendis distinctio eos sit rerum odio.');
INSERT INTO `tablequestions` (`questionID`, `tableID`, `question`) VALUES (89, 18, 'Voluptas aut nobis qui quod est placeat.');
INSERT INTO `tablequestions` (`questionID`, `tableID`, `question`) VALUES (90, 77, 'Impedit unde omnis voluptate officia odio.');
INSERT INTO `tablequestions` (`questionID`, `tableID`, `question`) VALUES (91, 68, 'Laborum quis vero qui.');
INSERT INTO `tablequestions` (`questionID`, `tableID`, `question`) VALUES (92, 90, 'Nihil sit voluptatum omnis qui deleniti repellat error.');
INSERT INTO `tablequestions` (`questionID`, `tableID`, `question`) VALUES (93, 56, 'Maiores magnam molestias voluptatum aliquam animi occaecati amet et.');
INSERT INTO `tablequestions` (`questionID`, `tableID`, `question`) VALUES (94, 65, 'Aliquam eum sit qui sit quaerat.');
INSERT INTO `tablequestions` (`questionID`, `tableID`, `question`) VALUES (95, 95, 'Molestiae ad quae aut consectetur dolorem.');
INSERT INTO `tablequestions` (`questionID`, `tableID`, `question`) VALUES (96, 10, 'Quis ab dicta voluptatem magnam aliquam accusantium.');
INSERT INTO `tablequestions` (`questionID`, `tableID`, `question`) VALUES (97, 17, 'Expedita corrupti quia mollitia saepe nihil adipisci.');
INSERT INTO `tablequestions` (`questionID`, `tableID`, `question`) VALUES (98, 2, 'Voluptas inventore saepe aut repudiandae.');
INSERT INTO `tablequestions` (`questionID`, `tableID`, `question`) VALUES (99, 26, 'Dolorum quod et non consectetur tempore id sunt voluptate.');
INSERT INTO `tablequestions` (`questionID`, `tableID`, `question`) VALUES (100, 50, 'Adipisci neque eum dolore ut.');
INSERT INTO `tablequestions` (`questionID`, `tableID`, `question`) VALUES (101, 47, 'Quia sunt laboriosam sequi nam omnis rerum facere ut.');
INSERT INTO `tablequestions` (`questionID`, `tableID`, `question`) VALUES (102, 2, 'Laudantium fugiat non earum cum dicta sunt quas.');
INSERT INTO `tablequestions` (`questionID`, `tableID`, `question`) VALUES (103, 85, 'Ut eveniet reiciendis qui.');
INSERT INTO `tablequestions` (`questionID`, `tableID`, `question`) VALUES (104, 8, 'Aut minima ut cumque cupiditate.');
INSERT INTO `tablequestions` (`questionID`, `tableID`, `question`) VALUES (105, 95, 'Tenetur numquam sunt sit fugiat enim repellat doloribus.');
INSERT INTO `tablequestions` (`questionID`, `tableID`, `question`) VALUES (106, 38, 'Molestiae quibusdam et voluptate explicabo natus facilis id.');
INSERT INTO `tablequestions` (`questionID`, `tableID`, `question`) VALUES (107, 43, 'Eligendi blanditiis aut qui dolores voluptatem omnis.');
INSERT INTO `tablequestions` (`questionID`, `tableID`, `question`) VALUES (108, 61, 'Eligendi quis quaerat suscipit ex officiis voluptatum vero.');
INSERT INTO `tablequestions` (`questionID`, `tableID`, `question`) VALUES (109, 56, 'Quidem doloribus exercitationem architecto ex.');
INSERT INTO `tablequestions` (`questionID`, `tableID`, `question`) VALUES (110, 63, 'Sit quam id nulla asperiores hic sed.');
INSERT INTO `tablequestions` (`questionID`, `tableID`, `question`) VALUES (111, 68, 'Iusto placeat nam dolor.');
INSERT INTO `tablequestions` (`questionID`, `tableID`, `question`) VALUES (112, 16, 'Aspernatur placeat et cum.');
INSERT INTO `tablequestions` (`questionID`, `tableID`, `question`) VALUES (113, 31, 'Dicta dolore fuga consequuntur incidunt aut consequuntur id.');
INSERT INTO `tablequestions` (`questionID`, `tableID`, `question`) VALUES (114, 43, 'Et suscipit cupiditate accusantium reprehenderit excepturi cumque.');
INSERT INTO `tablequestions` (`questionID`, `tableID`, `question`) VALUES (115, 47, 'Earum ipsam harum perferendis in et dolorem.');
INSERT INTO `tablequestions` (`questionID`, `tableID`, `question`) VALUES (116, 21, 'Nisi dicta consequatur sequi ullam voluptatem qui vel.');
INSERT INTO `tablequestions` (`questionID`, `tableID`, `question`) VALUES (117, 14, 'Sit non vero minima qui.');
INSERT INTO `tablequestions` (`questionID`, `tableID`, `question`) VALUES (118, 76, 'Suscipit maiores repellat consequatur earum dolor totam.');
INSERT INTO `tablequestions` (`questionID`, `tableID`, `question`) VALUES (119, 88, 'Fuga dolor porro optio.');
INSERT INTO `tablequestions` (`questionID`, `tableID`, `question`) VALUES (120, 45, 'Id et reprehenderit et ea voluptates non ab.');
INSERT INTO `tablequestions` (`questionID`, `tableID`, `question`) VALUES (121, 2, 'Dolores ea doloremque sit.');
INSERT INTO `tablequestions` (`questionID`, `tableID`, `question`) VALUES (122, 19, 'Autem quis odio consectetur.');
INSERT INTO `tablequestions` (`questionID`, `tableID`, `question`) VALUES (123, 74, 'Dolor eligendi voluptate praesentium ipsum.');
INSERT INTO `tablequestions` (`questionID`, `tableID`, `question`) VALUES (124, 34, 'Placeat occaecati odio odit ut ut sequi.');
INSERT INTO `tablequestions` (`questionID`, `tableID`, `question`) VALUES (125, 13, 'Qui est voluptate labore non doloribus.');
INSERT INTO `tablequestions` (`questionID`, `tableID`, `question`) VALUES (126, 1, 'Sit inventore et nemo sint enim dolorem.');
INSERT INTO `tablequestions` (`questionID`, `tableID`, `question`) VALUES (127, 72, 'Quaerat animi sit corrupti possimus molestias.');

INSERT INTO `useranswers` (`userID`, `questionID`, `answerID`) VALUES (29, 103, 45);
INSERT INTO `useranswers` (`userID`, `questionID`, `answerID`) VALUES (16, 105, 20);
INSERT INTO `useranswers` (`userID`, `questionID`, `answerID`) VALUES (98, 38, 30);
INSERT INTO `useranswers` (`userID`, `questionID`, `answerID`) VALUES (28, 66, 113);
INSERT INTO `useranswers` (`userID`, `questionID`, `answerID`) VALUES (99, 67, 16);
INSERT INTO `useranswers` (`userID`, `questionID`, `answerID`) VALUES (42, 47, 116);
INSERT INTO `useranswers` (`userID`, `questionID`, `answerID`) VALUES (99, 63, 98);
INSERT INTO `useranswers` (`userID`, `questionID`, `answerID`) VALUES (78, 50, 103);
INSERT INTO `useranswers` (`userID`, `questionID`, `answerID`) VALUES (85, 73, 53);
INSERT INTO `useranswers` (`userID`, `questionID`, `answerID`) VALUES (34, 86, 38);
INSERT INTO `useranswers` (`userID`, `questionID`, `answerID`) VALUES (54, 3, 5);
INSERT INTO `useranswers` (`userID`, `questionID`, `answerID`) VALUES (1, 71, 126);
INSERT INTO `useranswers` (`userID`, `questionID`, `answerID`) VALUES (53, 113, 61);
INSERT INTO `useranswers` (`userID`, `questionID`, `answerID`) VALUES (71, 53, 127);
INSERT INTO `useranswers` (`userID`, `questionID`, `answerID`) VALUES (54, 62, 124);
INSERT INTO `useranswers` (`userID`, `questionID`, `answerID`) VALUES (74, 53, 88);
INSERT INTO `useranswers` (`userID`, `questionID`, `answerID`) VALUES (4, 101, 114);
INSERT INTO `useranswers` (`userID`, `questionID`, `answerID`) VALUES (69, 101, 14);
INSERT INTO `useranswers` (`userID`, `questionID`, `answerID`) VALUES (26, 48, 54);
INSERT INTO `useranswers` (`userID`, `questionID`, `answerID`) VALUES (73, 47, 111);
INSERT INTO `useranswers` (`userID`, `questionID`, `answerID`) VALUES (38, 44, 66);
INSERT INTO `useranswers` (`userID`, `questionID`, `answerID`) VALUES (46, 70, 59);
INSERT INTO `useranswers` (`userID`, `questionID`, `answerID`) VALUES (89, 30, 33);
INSERT INTO `useranswers` (`userID`, `questionID`, `answerID`) VALUES (56, 122, 91);
INSERT INTO `useranswers` (`userID`, `questionID`, `answerID`) VALUES (40, 113, 81);
INSERT INTO `useranswers` (`userID`, `questionID`, `answerID`) VALUES (5, 6, 71);
INSERT INTO `useranswers` (`userID`, `questionID`, `answerID`) VALUES (11, 116, 34);
INSERT INTO `useranswers` (`userID`, `questionID`, `answerID`) VALUES (57, 72, 54);
INSERT INTO `useranswers` (`userID`, `questionID`, `answerID`) VALUES (92, 4, 110);
INSERT INTO `useranswers` (`userID`, `questionID`, `answerID`) VALUES (67, 70, 61);
INSERT INTO `useranswers` (`userID`, `questionID`, `answerID`) VALUES (65, 69, 100);
INSERT INTO `useranswers` (`userID`, `questionID`, `answerID`) VALUES (20, 93, 99);
INSERT INTO `useranswers` (`userID`, `questionID`, `answerID`) VALUES (52, 47, 84);
INSERT INTO `useranswers` (`userID`, `questionID`, `answerID`) VALUES (63, 12, 41);
INSERT INTO `useranswers` (`userID`, `questionID`, `answerID`) VALUES (55, 18, 68);
INSERT INTO `useranswers` (`userID`, `questionID`, `answerID`) VALUES (42, 70, 105);
INSERT INTO `useranswers` (`userID`, `questionID`, `answerID`) VALUES (58, 36, 15);
INSERT INTO `useranswers` (`userID`, `questionID`, `answerID`) VALUES (17, 88, 63);
INSERT INTO `useranswers` (`userID`, `questionID`, `answerID`) VALUES (23, 32, 95);
INSERT INTO `useranswers` (`userID`, `questionID`, `answerID`) VALUES (19, 91, 78);
INSERT INTO `useranswers` (`userID`, `questionID`, `answerID`) VALUES (96, 70, 90);
INSERT INTO `useranswers` (`userID`, `questionID`, `answerID`) VALUES (34, 18, 28);
INSERT INTO `useranswers` (`userID`, `questionID`, `answerID`) VALUES (95, 102, 78);
INSERT INTO `useranswers` (`userID`, `questionID`, `answerID`) VALUES (64, 54, 59);
INSERT INTO `useranswers` (`userID`, `questionID`, `answerID`) VALUES (7, 84, 69);
INSERT INTO `useranswers` (`userID`, `questionID`, `answerID`) VALUES (40, 117, 74);
INSERT INTO `useranswers` (`userID`, `questionID`, `answerID`) VALUES (19, 47, 50);
INSERT INTO `useranswers` (`userID`, `questionID`, `answerID`) VALUES (93, 127, 21);
INSERT INTO `useranswers` (`userID`, `questionID`, `answerID`) VALUES (47, 120, 86);
INSERT INTO `useranswers` (`userID`, `questionID`, `answerID`) VALUES (33, 110, 45);
INSERT INTO `useranswers` (`userID`, `questionID`, `answerID`) VALUES (56, 72, 39);
INSERT INTO `useranswers` (`userID`, `questionID`, `answerID`) VALUES (77, 96, 113);
INSERT INTO `useranswers` (`userID`, `questionID`, `answerID`) VALUES (64, 111, 9);
INSERT INTO `useranswers` (`userID`, `questionID`, `answerID`) VALUES (83, 40, 36);
INSERT INTO `useranswers` (`userID`, `questionID`, `answerID`) VALUES (85, 99, 30);
INSERT INTO `useranswers` (`userID`, `questionID`, `answerID`) VALUES (80, 95, 55);
INSERT INTO `useranswers` (`userID`, `questionID`, `answerID`) VALUES (20, 125, 1);
INSERT INTO `useranswers` (`userID`, `questionID`, `answerID`) VALUES (4, 66, 85);
INSERT INTO `useranswers` (`userID`, `questionID`, `answerID`) VALUES (37, 114, 87);
INSERT INTO `useranswers` (`userID`, `questionID`, `answerID`) VALUES (22, 117, 76);
INSERT INTO `useranswers` (`userID`, `questionID`, `answerID`) VALUES (5, 63, 19);
INSERT INTO `useranswers` (`userID`, `questionID`, `answerID`) VALUES (59, 64, 55);
INSERT INTO `useranswers` (`userID`, `questionID`, `answerID`) VALUES (19, 4, 23);
INSERT INTO `useranswers` (`userID`, `questionID`, `answerID`) VALUES (56, 16, 31);
INSERT INTO `useranswers` (`userID`, `questionID`, `answerID`) VALUES (4, 127, 55);
INSERT INTO `useranswers` (`userID`, `questionID`, `answerID`) VALUES (77, 28, 108);
INSERT INTO `useranswers` (`userID`, `questionID`, `answerID`) VALUES (37, 16, 73);
INSERT INTO `useranswers` (`userID`, `questionID`, `answerID`) VALUES (2, 74, 107);
INSERT INTO `useranswers` (`userID`, `questionID`, `answerID`) VALUES (77, 54, 8);
INSERT INTO `useranswers` (`userID`, `questionID`, `answerID`) VALUES (60, 82, 105);
INSERT INTO `useranswers` (`userID`, `questionID`, `answerID`) VALUES (1, 87, 98);
INSERT INTO `useranswers` (`userID`, `questionID`, `answerID`) VALUES (87, 76, 69);
INSERT INTO `useranswers` (`userID`, `questionID`, `answerID`) VALUES (59, 27, 67);
INSERT INTO `useranswers` (`userID`, `questionID`, `answerID`) VALUES (1, 117, 66);
INSERT INTO `useranswers` (`userID`, `questionID`, `answerID`) VALUES (59, 83, 108);
INSERT INTO `useranswers` (`userID`, `questionID`, `answerID`) VALUES (41, 57, 122);
INSERT INTO `useranswers` (`userID`, `questionID`, `answerID`) VALUES (26, 107, 102);
INSERT INTO `useranswers` (`userID`, `questionID`, `answerID`) VALUES (54, 8, 2);
INSERT INTO `useranswers` (`userID`, `questionID`, `answerID`) VALUES (20, 81, 56);
INSERT INTO `useranswers` (`userID`, `questionID`, `answerID`) VALUES (75, 66, 32);
INSERT INTO `useranswers` (`userID`, `questionID`, `answerID`) VALUES (78, 37, 27);
INSERT INTO `useranswers` (`userID`, `questionID`, `answerID`) VALUES (47, 26, 19);
INSERT INTO `useranswers` (`userID`, `questionID`, `answerID`) VALUES (64, 11, 82);
INSERT INTO `useranswers` (`userID`, `questionID`, `answerID`) VALUES (100, 119, 106);
INSERT INTO `useranswers` (`userID`, `questionID`, `answerID`) VALUES (70, 85, 100);
INSERT INTO `useranswers` (`userID`, `questionID`, `answerID`) VALUES (43, 60, 95);
INSERT INTO `useranswers` (`userID`, `questionID`, `answerID`) VALUES (8, 16, 108);
INSERT INTO `useranswers` (`userID`, `questionID`, `answerID`) VALUES (72, 36, 62);
INSERT INTO `useranswers` (`userID`, `questionID`, `answerID`) VALUES (47, 106, 122);
INSERT INTO `useranswers` (`userID`, `questionID`, `answerID`) VALUES (55, 119, 50);
INSERT INTO `useranswers` (`userID`, `questionID`, `answerID`) VALUES (13, 119, 80);
INSERT INTO `useranswers` (`userID`, `questionID`, `answerID`) VALUES (87, 76, 52);
INSERT INTO `useranswers` (`userID`, `questionID`, `answerID`) VALUES (37, 64, 109);
INSERT INTO `useranswers` (`userID`, `questionID`, `answerID`) VALUES (39, 127, 57);
INSERT INTO `useranswers` (`userID`, `questionID`, `answerID`) VALUES (8, 92, 87);
INSERT INTO `useranswers` (`userID`, `questionID`, `answerID`) VALUES (38, 32, 87);
INSERT INTO `useranswers` (`userID`, `questionID`, `answerID`) VALUES (71, 123, 43);
INSERT INTO `useranswers` (`userID`, `questionID`, `answerID`) VALUES (92, 41, 107);
INSERT INTO `useranswers` (`userID`, `questionID`, `answerID`) VALUES (81, 46, 65);
INSERT INTO `useranswers` (`userID`, `questionID`, `answerID`) VALUES (51, 43, 1);
INSERT INTO `useranswers` (`userID`, `questionID`, `answerID`) VALUES (90, 121, 102);
INSERT INTO `useranswers` (`userID`, `questionID`, `answerID`) VALUES (24, 119, 98);
INSERT INTO `useranswers` (`userID`, `questionID`, `answerID`) VALUES (6, 27, 69);
INSERT INTO `useranswers` (`userID`, `questionID`, `answerID`) VALUES (6, 49, 26);
INSERT INTO `useranswers` (`userID`, `questionID`, `answerID`) VALUES (94, 14, 4);
INSERT INTO `useranswers` (`userID`, `questionID`, `answerID`) VALUES (43, 89, 110);
INSERT INTO `useranswers` (`userID`, `questionID`, `answerID`) VALUES (32, 1, 14);
INSERT INTO `useranswers` (`userID`, `questionID`, `answerID`) VALUES (72, 112, 72);
INSERT INTO `useranswers` (`userID`, `questionID`, `answerID`) VALUES (93, 115, 34);
INSERT INTO `useranswers` (`userID`, `questionID`, `answerID`) VALUES (7, 41, 43);
INSERT INTO `useranswers` (`userID`, `questionID`, `answerID`) VALUES (94, 7, 60);
INSERT INTO `useranswers` (`userID`, `questionID`, `answerID`) VALUES (6, 10, 9);
INSERT INTO `useranswers` (`userID`, `questionID`, `answerID`) VALUES (4, 40, 107);
INSERT INTO `useranswers` (`userID`, `questionID`, `answerID`) VALUES (72, 82, 10);
INSERT INTO `useranswers` (`userID`, `questionID`, `answerID`) VALUES (39, 37, 120);
INSERT INTO `useranswers` (`userID`, `questionID`, `answerID`) VALUES (70, 97, 102);
INSERT INTO `useranswers` (`userID`, `questionID`, `answerID`) VALUES (39, 44, 120);
INSERT INTO `useranswers` (`userID`, `questionID`, `answerID`) VALUES (48, 42, 47);
INSERT INTO `useranswers` (`userID`, `questionID`, `answerID`) VALUES (36, 101, 7);
INSERT INTO `useranswers` (`userID`, `questionID`, `answerID`) VALUES (6, 54, 12);
INSERT INTO `useranswers` (`userID`, `questionID`, `answerID`) VALUES (58, 84, 116);
INSERT INTO `useranswers` (`userID`, `questionID`, `answerID`) VALUES (44, 126, 119);
INSERT INTO `useranswers` (`userID`, `questionID`, `answerID`) VALUES (88, 49, 9);
INSERT INTO `useranswers` (`userID`, `questionID`, `answerID`) VALUES (41, 121, 3);
INSERT INTO `useranswers` (`userID`, `questionID`, `answerID`) VALUES (75, 72, 27);
INSERT INTO `useranswers` (`userID`, `questionID`, `answerID`) VALUES (13, 32, 44);
INSERT INTO `useranswers` (`userID`, `questionID`, `answerID`) VALUES (31, 23, 92);
INSERT INTO `useranswers` (`userID`, `questionID`, `answerID`) VALUES (80, 77, 16);
INSERT INTO `useranswers` (`userID`, `questionID`, `answerID`) VALUES (68, 60, 80);
INSERT INTO `useranswers` (`userID`, `questionID`, `answerID`) VALUES (29, 82, 41);
INSERT INTO `useranswers` (`userID`, `questionID`, `answerID`) VALUES (76, 48, 36);
INSERT INTO `useranswers` (`userID`, `questionID`, `answerID`) VALUES (62, 17, 68);
INSERT INTO `useranswers` (`userID`, `questionID`, `answerID`) VALUES (86, 114, 8);
INSERT INTO `useranswers` (`userID`, `questionID`, `answerID`) VALUES (33, 92, 63);
INSERT INTO `useranswers` (`userID`, `questionID`, `answerID`) VALUES (91, 124, 79);
INSERT INTO `useranswers` (`userID`, `questionID`, `answerID`) VALUES (84, 90, 62);
INSERT INTO `useranswers` (`userID`, `questionID`, `answerID`) VALUES (72, 51, 89);
INSERT INTO `useranswers` (`userID`, `questionID`, `answerID`) VALUES (19, 11, 15);
INSERT INTO `useranswers` (`userID`, `questionID`, `answerID`) VALUES (28, 76, 15);
INSERT INTO `useranswers` (`userID`, `questionID`, `answerID`) VALUES (29, 84, 110);
INSERT INTO `useranswers` (`userID`, `questionID`, `answerID`) VALUES (21, 41, 87);
INSERT INTO `useranswers` (`userID`, `questionID`, `answerID`) VALUES (50, 56, 36);
INSERT INTO `useranswers` (`userID`, `questionID`, `answerID`) VALUES (35, 120, 20);
INSERT INTO `useranswers` (`userID`, `questionID`, `answerID`) VALUES (1, 12, 19);
INSERT INTO `useranswers` (`userID`, `questionID`, `answerID`) VALUES (62, 121, 35);
INSERT INTO `useranswers` (`userID`, `questionID`, `answerID`) VALUES (36, 55, 51);
INSERT INTO `useranswers` (`userID`, `questionID`, `answerID`) VALUES (82, 31, 117);
INSERT INTO `useranswers` (`userID`, `questionID`, `answerID`) VALUES (60, 42, 32);
INSERT INTO `useranswers` (`userID`, `questionID`, `answerID`) VALUES (28, 47, 82);
INSERT INTO `useranswers` (`userID`, `questionID`, `answerID`) VALUES (82, 100, 27);
INSERT INTO `useranswers` (`userID`, `questionID`, `answerID`) VALUES (29, 50, 14);
INSERT INTO `useranswers` (`userID`, `questionID`, `answerID`) VALUES (88, 98, 23);
INSERT INTO `useranswers` (`userID`, `questionID`, `answerID`) VALUES (74, 18, 69);
INSERT INTO `useranswers` (`userID`, `questionID`, `answerID`) VALUES (97, 81, 47);
INSERT INTO `useranswers` (`userID`, `questionID`, `answerID`) VALUES (7, 85, 99);
INSERT INTO `useranswers` (`userID`, `questionID`, `answerID`) VALUES (32, 37, 31);
INSERT INTO `useranswers` (`userID`, `questionID`, `answerID`) VALUES (90, 119, 58);
INSERT INTO `useranswers` (`userID`, `questionID`, `answerID`) VALUES (83, 126, 100);
INSERT INTO `useranswers` (`userID`, `questionID`, `answerID`) VALUES (57, 92, 83);
INSERT INTO `useranswers` (`userID`, `questionID`, `answerID`) VALUES (58, 64, 98);
INSERT INTO `useranswers` (`userID`, `questionID`, `answerID`) VALUES (27, 82, 34);
INSERT INTO `useranswers` (`userID`, `questionID`, `answerID`) VALUES (5, 58, 10);
INSERT INTO `useranswers` (`userID`, `questionID`, `answerID`) VALUES (24, 126, 91);
INSERT INTO `useranswers` (`userID`, `questionID`, `answerID`) VALUES (92, 110, 29);
INSERT INTO `useranswers` (`userID`, `questionID`, `answerID`) VALUES (80, 7, 121);
INSERT INTO `useranswers` (`userID`, `questionID`, `answerID`) VALUES (55, 73, 104);
INSERT INTO `useranswers` (`userID`, `questionID`, `answerID`) VALUES (4, 29, 24);
INSERT INTO `useranswers` (`userID`, `questionID`, `answerID`) VALUES (30, 3, 65);
INSERT INTO `useranswers` (`userID`, `questionID`, `answerID`) VALUES (83, 102, 124);
INSERT INTO `useranswers` (`userID`, `questionID`, `answerID`) VALUES (57, 10, 32);
INSERT INTO `useranswers` (`userID`, `questionID`, `answerID`) VALUES (94, 66, 33);
INSERT INTO `useranswers` (`userID`, `questionID`, `answerID`) VALUES (37, 2, 37);
INSERT INTO `useranswers` (`userID`, `questionID`, `answerID`) VALUES (37, 55, 64);
INSERT INTO `useranswers` (`userID`, `questionID`, `answerID`) VALUES (81, 123, 36);
INSERT INTO `useranswers` (`userID`, `questionID`, `answerID`) VALUES (4, 58, 126);
INSERT INTO `useranswers` (`userID`, `questionID`, `answerID`) VALUES (7, 41, 114);
INSERT INTO `useranswers` (`userID`, `questionID`, `answerID`) VALUES (2, 15, 6);
INSERT INTO `useranswers` (`userID`, `questionID`, `answerID`) VALUES (86, 91, 96);
INSERT INTO `useranswers` (`userID`, `questionID`, `answerID`) VALUES (88, 98, 127);
INSERT INTO `useranswers` (`userID`, `questionID`, `answerID`) VALUES (25, 89, 121);
INSERT INTO `useranswers` (`userID`, `questionID`, `answerID`) VALUES (39, 86, 95);
INSERT INTO `useranswers` (`userID`, `questionID`, `answerID`) VALUES (1, 51, 93);
INSERT INTO `useranswers` (`userID`, `questionID`, `answerID`) VALUES (89, 19, 37);
INSERT INTO `useranswers` (`userID`, `questionID`, `answerID`) VALUES (94, 61, 110);
INSERT INTO `useranswers` (`userID`, `questionID`, `answerID`) VALUES (28, 89, 53);
INSERT INTO `useranswers` (`userID`, `questionID`, `answerID`) VALUES (1, 23, 95);
INSERT INTO `useranswers` (`userID`, `questionID`, `answerID`) VALUES (49, 39, 47);
INSERT INTO `useranswers` (`userID`, `questionID`, `answerID`) VALUES (63, 27, 15);
INSERT INTO `useranswers` (`userID`, `questionID`, `answerID`) VALUES (6, 14, 97);
INSERT INTO `useranswers` (`userID`, `questionID`, `answerID`) VALUES (71, 70, 41);
INSERT INTO `useranswers` (`userID`, `questionID`, `answerID`) VALUES (89, 36, 75);
INSERT INTO `useranswers` (`userID`, `questionID`, `answerID`) VALUES (19, 22, 45);
INSERT INTO `useranswers` (`userID`, `questionID`, `answerID`) VALUES (79, 84, 58);
INSERT INTO `useranswers` (`userID`, `questionID`, `answerID`) VALUES (19, 57, 78);
INSERT INTO `useranswers` (`userID`, `questionID`, `answerID`) VALUES (97, 54, 116);
INSERT INTO `useranswers` (`userID`, `questionID`, `answerID`) VALUES (99, 81, 16);
INSERT INTO `useranswers` (`userID`, `questionID`, `answerID`) VALUES (37, 94, 10);
INSERT INTO `useranswers` (`userID`, `questionID`, `answerID`) VALUES (11, 78, 112);
INSERT INTO `useranswers` (`userID`, `questionID`, `answerID`) VALUES (13, 46, 68);
INSERT INTO `useranswers` (`userID`, `questionID`, `answerID`) VALUES (57, 21, 25);

INSERT INTO `userinputs` (`userID`, `inputID`, `input`) VALUES (52, 29, NULL);
INSERT INTO `userinputs` (`userID`, `inputID`, `input`) VALUES (62, 50, NULL);
INSERT INTO `userinputs` (`userID`, `inputID`, `input`) VALUES (41, 16, NULL);
INSERT INTO `userinputs` (`userID`, `inputID`, `input`) VALUES (81, 7, NULL);
INSERT INTO `userinputs` (`userID`, `inputID`, `input`) VALUES (68, 43, NULL);
INSERT INTO `userinputs` (`userID`, `inputID`, `input`) VALUES (95, 20, NULL);
INSERT INTO `userinputs` (`userID`, `inputID`, `input`) VALUES (75, 21, NULL);
INSERT INTO `userinputs` (`userID`, `inputID`, `input`) VALUES (58, 22, NULL);
INSERT INTO `userinputs` (`userID`, `inputID`, `input`) VALUES (82, 8, NULL);
INSERT INTO `userinputs` (`userID`, `inputID`, `input`) VALUES (9, 41, NULL);
INSERT INTO `userinputs` (`userID`, `inputID`, `input`) VALUES (97, 46, NULL);
INSERT INTO `userinputs` (`userID`, `inputID`, `input`) VALUES (31, 28, NULL);
INSERT INTO `userinputs` (`userID`, `inputID`, `input`) VALUES (83, 40, NULL);
INSERT INTO `userinputs` (`userID`, `inputID`, `input`) VALUES (3, 35, NULL);
INSERT INTO `userinputs` (`userID`, `inputID`, `input`) VALUES (40, 11, NULL);
INSERT INTO `userinputs` (`userID`, `inputID`, `input`) VALUES (59, 34, NULL);
INSERT INTO `userinputs` (`userID`, `inputID`, `input`) VALUES (31, 19, NULL);
INSERT INTO `userinputs` (`userID`, `inputID`, `input`) VALUES (98, 44, NULL);
INSERT INTO `userinputs` (`userID`, `inputID`, `input`) VALUES (84, 21, NULL);
INSERT INTO `userinputs` (`userID`, `inputID`, `input`) VALUES (23, 41, NULL);
INSERT INTO `userinputs` (`userID`, `inputID`, `input`) VALUES (38, 9, NULL);
INSERT INTO `userinputs` (`userID`, `inputID`, `input`) VALUES (5, 24, NULL);
INSERT INTO `userinputs` (`userID`, `inputID`, `input`) VALUES (22, 47, NULL);
INSERT INTO `userinputs` (`userID`, `inputID`, `input`) VALUES (21, 42, NULL);
INSERT INTO `userinputs` (`userID`, `inputID`, `input`) VALUES (4, 32, NULL);
INSERT INTO `userinputs` (`userID`, `inputID`, `input`) VALUES (24, 5, NULL);
INSERT INTO `userinputs` (`userID`, `inputID`, `input`) VALUES (74, 17, NULL);
INSERT INTO `userinputs` (`userID`, `inputID`, `input`) VALUES (21, 38, NULL);
INSERT INTO `userinputs` (`userID`, `inputID`, `input`) VALUES (99, 5, NULL);
INSERT INTO `userinputs` (`userID`, `inputID`, `input`) VALUES (39, 41, NULL);
INSERT INTO `userinputs` (`userID`, `inputID`, `input`) VALUES (9, 40, NULL);
INSERT INTO `userinputs` (`userID`, `inputID`, `input`) VALUES (27, 12, NULL);
INSERT INTO `userinputs` (`userID`, `inputID`, `input`) VALUES (55, 1, NULL);
INSERT INTO `userinputs` (`userID`, `inputID`, `input`) VALUES (95, 34, NULL);
INSERT INTO `userinputs` (`userID`, `inputID`, `input`) VALUES (62, 40, NULL);
INSERT INTO `userinputs` (`userID`, `inputID`, `input`) VALUES (35, 34, NULL);
INSERT INTO `userinputs` (`userID`, `inputID`, `input`) VALUES (71, 5, NULL);
INSERT INTO `userinputs` (`userID`, `inputID`, `input`) VALUES (40, 14, NULL);
INSERT INTO `userinputs` (`userID`, `inputID`, `input`) VALUES (8, 10, NULL);
INSERT INTO `userinputs` (`userID`, `inputID`, `input`) VALUES (96, 15, NULL);
INSERT INTO `userinputs` (`userID`, `inputID`, `input`) VALUES (22, 31, NULL);
INSERT INTO `userinputs` (`userID`, `inputID`, `input`) VALUES (3, 43, NULL);
INSERT INTO `userinputs` (`userID`, `inputID`, `input`) VALUES (32, 5, NULL);
INSERT INTO `userinputs` (`userID`, `inputID`, `input`) VALUES (18, 21, NULL);
INSERT INTO `userinputs` (`userID`, `inputID`, `input`) VALUES (81, 2, NULL);
INSERT INTO `userinputs` (`userID`, `inputID`, `input`) VALUES (14, 11, NULL);
INSERT INTO `userinputs` (`userID`, `inputID`, `input`) VALUES (48, 39, NULL);
INSERT INTO `userinputs` (`userID`, `inputID`, `input`) VALUES (43, 36, NULL);
INSERT INTO `userinputs` (`userID`, `inputID`, `input`) VALUES (90, 2, NULL);
INSERT INTO `userinputs` (`userID`, `inputID`, `input`) VALUES (26, 45, NULL);
INSERT INTO `userinputs` (`userID`, `inputID`, `input`) VALUES (67, 37, NULL);
INSERT INTO `userinputs` (`userID`, `inputID`, `input`) VALUES (6, 27, NULL);
INSERT INTO `userinputs` (`userID`, `inputID`, `input`) VALUES (40, 22, NULL);
INSERT INTO `userinputs` (`userID`, `inputID`, `input`) VALUES (91, 2, NULL);
INSERT INTO `userinputs` (`userID`, `inputID`, `input`) VALUES (15, 17, NULL);
INSERT INTO `userinputs` (`userID`, `inputID`, `input`) VALUES (69, 25, NULL);
INSERT INTO `userinputs` (`userID`, `inputID`, `input`) VALUES (47, 44, NULL);
INSERT INTO `userinputs` (`userID`, `inputID`, `input`) VALUES (59, 7, NULL);
INSERT INTO `userinputs` (`userID`, `inputID`, `input`) VALUES (82, 26, NULL);
INSERT INTO `userinputs` (`userID`, `inputID`, `input`) VALUES (81, 44, NULL);
INSERT INTO `userinputs` (`userID`, `inputID`, `input`) VALUES (4, 24, NULL);
INSERT INTO `userinputs` (`userID`, `inputID`, `input`) VALUES (32, 8, NULL);
INSERT INTO `userinputs` (`userID`, `inputID`, `input`) VALUES (44, 22, NULL);
INSERT INTO `userinputs` (`userID`, `inputID`, `input`) VALUES (70, 38, NULL);
INSERT INTO `userinputs` (`userID`, `inputID`, `input`) VALUES (87, 28, NULL);
INSERT INTO `userinputs` (`userID`, `inputID`, `input`) VALUES (44, 5, NULL);
INSERT INTO `userinputs` (`userID`, `inputID`, `input`) VALUES (24, 33, NULL);
INSERT INTO `userinputs` (`userID`, `inputID`, `input`) VALUES (20, 20, NULL);
INSERT INTO `userinputs` (`userID`, `inputID`, `input`) VALUES (44, 44, NULL);
INSERT INTO `userinputs` (`userID`, `inputID`, `input`) VALUES (94, 6, NULL);




